dayofyear,claims_count,is_holiday,y_lag_1,y_lag_7,claims_lag_1,claims_lag_7,y_roll_mean_7,claims_roll_std_7,y
8,52.0,0,20374.99603188053,19949.449562371094,51.49,37.89,21091.878401353897,5.784064314995127,20471.30212206442
9,52.51,0,20471.30212206442,21208.34652747728,52.0,37.89,20912.505547489913,1.3620992202164857,19952.736550429385
10,53.46,0,19952.736550429385,21232.69663192668,52.51,54.06,19423.354970348857,1.2808033193497013,10808.642591939284
11,57.41,0,10808.642591939284,22506.653282408017,53.46,54.79,18511.671949027863,2.120437960152858,16124.872133161069
12,57.68,0,16124.872133161069,21315.908326702716,57.41,51.06,18005.86707096758,2.537345819852685,17775.274180280725
13,52.625,0,17775.274180280725,20533.24588701764,57.68,53.19,17887.915864619103,2.574739237836955,19707.58744257829
14,47.57,0,19707.58744257829,20374.99603188053,52.625,51.49,17834.38568865603,3.456908369654965,20000.284800139056
15,35.58,0,20000.284800139056,20471.30212206442,47.57,52.0,18022.051236685027,7.59627360085507,21784.9609582674
16,46.47,0,21784.9609582674,19952.736550429385,35.58,52.51,17765.067538558556,7.734819925875088,18153.850663544083
17,49.15,0,18153.850663544083,10808.642591939284,46.47,53.46,18909.17752801478,7.594304805325533,18817.412518132845
18,57.62,0,18817.412518132845,16124.872133161069,49.15,57.41,20979.97670911881,7.631095299902268,30620.46640088928
19,67.64,0,30620.46640088928,17775.274180280725,57.62,57.68,21219.428387951444,9.973484190831302,19451.43593210914
20,52.33,0,19451.43593210914,19707.58744257829,67.64,52.625,21000.268982781396,9.965850739017766,18173.47160638797
21,44.9,0,18173.47160638797,20000.284800139056,52.33,47.57,20700.284757047128,10.164050561145581,17900.39521999918
22,62.72,0,17900.39521999918,21784.9609582674,44.9,35.58,20396.3326410673,8.562228793063282,19657.296146408586
23,49.51,0,19657.296146408586,18153.850663544083,62.72,46.47,21004.78599973119,8.160386895589834,22413.02417419133
24,43.19,0,22413.02417419133,18817.412518132845,49.51,49.15,21344.74468302445,9.108662020819732,21197.123301185693
25,54.56,0,21197.123301185693,30620.46640088928,43.19,57.62,20207.858455806996,8.977742849216982,22662.262810367083
26,40.77,1,22662.262810367083,19451.43593210914,54.56,67.64,20719.48552633767,7.585700206246458,23032.82542582384
27,50.36,0,23032.82542582384,18173.47160638797,40.77,52.33,21202.784186080156,7.50851072672426,21556.562224585392
28,61.33,0,21556.562224585392,17900.39521999918,50.36,44.9,21657.160058789326,8.374484490175524,21081.02632896337
29,57.98,0,21081.02632896337,19657.296146408586,61.33,62.72,21828.600568896964,7.4867839112220445,20857.379717162006
30,48.81,0,20857.379717162006,22413.02417419133,57.98,49.51,21132.185905216254,7.51617810681288,17538.121528426393
31,63.47,0,17538.121528426393,21197.123301185693,48.81,43.19,21420.508200856275,7.902619216196006,23215.37937066584
32,55.17,0,23215.37937066584,22662.262810367083,63.47,54.56,19845.205086272555,7.914501157459544,11635.141008281043
33,52.94,0,11635.141008281043,23032.82542582384,55.17,40.77,19842.217063113403,5.494705676939428,23011.90926370978
34,47.76,0,23011.90926370978,21556.562224585392,52.94,50.36,20050.82081035988,5.98375419663226,23016.788455310754
35,49.96,0,23016.788455310754,21081.02632896337,47.76,61.33,20265.010571278053,5.622691272234057,22580.35465539056
36,44.15,0,22580.35465539056,20857.379717162006,49.96,57.98,20225.183426620442,6.271611777343538,20578.58970455872
37,45.49,0,20578.58970455872,17538.121528426393,44.15,48.81,20904.652981717274,6.645519077508068,22294.4084141042
38,41.9,0,22294.4084141042,23215.37937066584,45.49,63.47,20366.948301497887,4.791940654692529,19451.446609130147
39,56.74,0,19451.446609130147,11635.141008281043,41.9,55.17,21669.013453231604,5.192754567664433,20749.597070417083
40,49.65,0,20749.597070417083,23011.90926370978,56.74,52.94,20838.840918713504,4.8532532044667205,17200.70152208306
41,38.73,0,17200.70152208306,23016.788455310754,49.65,47.76,20629.075878251297,5.9811927461557755,21548.433172075325
42,50.91,0,21548.433172075325,22580.35465539056,38.73,49.96,20371.953233846954,6.078535616256191,20780.496144560148
43,52.69,0,20780.496144560148,20578.58970455872,50.91,44.15,20718.893328052764,6.311571006605914,23007.17036399936
44,43.06,0,23007.17036399936,22294.4084141042,52.69,45.49,19733.612438544045,6.536460378960014,15397.442187543194
45,51.62,0,15397.442187543194,19451.446609130147,43.06,41.9,20491.76724687941,6.126341252563146,24758.530267477723
46,49.35,0,24758.530267477723,20749.597070417083,51.62,56.74,19009.985268409288,5.138905293839091,10377.123221126209
47,42.79,0,10377.123221126209,17200.70152208306,49.35,49.65,20142.8886204548,5.4186173776816995,25131.02498640165
48,43.01,0,25131.02498640165,21548.433172075325,42.79,38.73,20107.426499998586,4.4887886795352285,21300.19832888184
49,55.13,0,21300.19832888184,20780.496144560148,43.01,50.91,20286.891984590584,5.225239570720982,22036.75453670411
50,57.91,0,22036.75453670411,23007.17036399936,55.13,52.69,19922.300925959156,6.2406902090805705,20455.03295357937
51,999.0,0,20455.03295357937,15397.442187543194,57.91,43.06,21121.709222744328,358.7450353597079,23793.30026503941
52,44.84,0,23793.30026503941,24758.530267477723,999.0,51.62,20094.606378788394,359.1757733968677,17568.81035978619
53,40.38,0,17568.81035978619,10377.123221126209,44.84,49.35,21654.595435467414,359.75415980254917,21297.046617879358
54,56.15,0,21297.046617879358,25131.02498640165,40.38,42.79,20683.219981898186,358.9189902895585,18331.396811417035
55,57.19,0,18331.396811417035,21300.19832888184,56.15,43.01,20727.750156303115,358.021602673571,21611.90954971633
56,46.89,0,21611.90954971633,22036.75453670411,57.19,55.13,20493.305519190362,358.54148767046803,20395.642076914846
57,39.06,0,20395.642076914846,20455.03295357937,46.89,57.91,20872.71116181072,359.73311502782036,23110.872451921856
58,59.39,0,23110.872451921856,23793.30026503941,39.06,999.0,20875.153693241806,8.375566505359474,23810.397985057025
59,60.42,0,23810.397985057025,17568.81035978619,59.39,44.84,21328.535672176356,9.085965105851296,20742.48421232804
60,52.05,0,20742.48421232804,21297.046617879358,60.42,40.38,21840.562059369917,7.701970372510739,24881.23132823428
61,55.74,0,24881.23132823428,18331.396811417035,52.05,56.15,22398.613911658747,7.675727358118973,22237.75977743885
62,48.3,0,22237.75977743885,21611.90954971633,55.74,57.19,22082.427696628172,7.594778281348484,19398.606044502307
63,41.06,0,19398.606044502307,20395.642076914846,48.3,46.89,20639.72153465253,8.477603828125732,10296.698943085366
64,58.37,0,10296.698943085366,23110.872451921856,41.06,39.06,20456.270546375257,7.013209984429379,21826.715533980947
65,51.19,0,21826.715533980947,23810.397985057025,58.37,59.39,19331.786948555575,6.558627179233167,15939.012800319237
66,52.16,0,15939.012800319237,20742.48421232804,51.19,60.42,19756.970617939798,5.550716813425323,23718.7698980176
67,50.4,0,23718.7698980176,24881.23132823428,52.16,52.05,18793.358464473742,5.546964420807087,18135.946253971888
68,49.9,0,18135.946253971888,22237.75977743885,50.4,55.74,18464.59750402548,5.145388596550231,19936.43305430103
69,38.65,0,19936.43305430103,19398.606044502307,49.9,48.3,19056.0648977338,6.773530415204432,23538.877800460526
70,52.43,0,23538.877800460526,10296.698943085366,38.65,41.06,20748.04337165489,5.911332941295264,22140.548260532974
71,56.56,0,22140.548260532974,21826.715533980947,52.43,58.37,20263.00348177895,5.5343619239029955,18431.436304849376
72,55.17,0,18431.436304849376,15939.012800319237,56.56,51.19,21226.65266261792,5.850326812196839,22684.55706619204
73,39.76,0,22684.55706619204,23718.7698980176,55.17,52.16,21038.915964307205,7.097594495252097,22404.613009842597
74,54.02,0,22404.613009842597,18135.946253971888,39.76,50.4,21461.06852051646,7.345723083470608,21091.01414743668
75,45.11,0,21091.01414743668,19936.43305430103,54.02,49.9,22003.635674740894,7.523059787839906,23734.40313387207
76,43.78,0,23734.40313387207,23538.877800460526,45.11,38.65,21349.228654056085,6.55553637339024,18958.02865566686
77,53.78,0,18958.02865566686,22140.548260532974,43.78,52.43,21367.26692816341,6.673282550588229,22266.81617928425
78,40.4,0,22266.81617928425,18431.436304849376,53.78,56.56,21699.061714443782,6.715813250756211,20753.999808811965
79,60.47,0,20753.999808811965,22684.55706619204,40.4,55.17,21324.394244006537,7.923792081596166,20061.884773131344
80,41.33,0,20061.884773131344,22404.613009842597,60.47,39.76,20700.702193785022,7.663397232483927,18038.768658291992
81,47.15,0,18038.768658291992,21091.01414743668,41.33,54.02,19686.628129796893,7.254633987025076,13992.49569951979
82,51.92,0,13992.49569951979,23734.40313387207,47.15,45.11,19276.856620444887,7.3474640911959375,20866.002568408014
83,54.31,0,20866.002568408014,18958.02865566686,51.92,43.78,19714.95997184954,7.320800112398891,22024.75211549943
84,54.63,0,22024.75211549943,22266.81617928425,54.31,53.78,19425.64777254603,7.402312701670923,20241.630784159675
85,63.3,0,20241.630784159675,20753.999808811965,54.63,40.4,19721.149755775423,7.496729128028658,22822.51369141772
86,55.94,0,22822.51369141772,20061.884773131344,63.3,60.47,19690.673222502726,6.950392931680017,19848.54904022246
87,43.82,0,19848.54904022246,18038.768658291992,55.94,41.33,20029.005967633293,6.30829084089494,20407.09787420593
88,51.6,0,20407.09787420593,13992.49569951979,43.82,47.15,21379.003085950768,5.825043224853726,23442.47552774215
89,43.12,0,23442.47552774215,20866.002568408014,51.6,51.92,21107.93633240785,7.07503222270871,18968.5352936076
90,57.99,0,18968.5352936076,22024.75211549943,43.12,54.31,20996.32795654851,7.372086672357261,21243.493484484025
91,55.645,0,21243.493484484025,20241.630784159675,57.99,54.63,21639.66773893746,7.421274839141918,24745.00926088234
92,53.3,0,24745.00926088234,22822.51369141772,55.645,63.3,21164.80441735077,5.935092268708278,19498.470440310884
93,58.85,0,19498.470440310884,19848.54904022246,53.3,55.94,21936.50573554653,6.372994268973301,25250.45826759277
94,49.4,0,25250.45826759277,20407.09787420593,58.85,43.82,22384.610221296596,5.4554519475811185,23543.829274456384
95,42.64,0,23543.829274456384,23442.47552774215,49.4,51.6,21982.54799841435,6.704094963952986,20628.039967566456
96,41.08,0,20628.039967566456,18968.5352936076,42.64,43.12,22538.55162690697,7.161077582518053,22860.560693055933
97,58.03,0,22860.560693055933,21243.493484484025,41.08,57.99,22429.00984013434,7.167344846094863,20476.700977075605
98,54.85,0,20476.700977075605,24745.00926088234,58.03,55.645,21434.425348038156,7.092519197817798,17782.917816209065
99,53.01,0,17782.917816209065,19498.470440310884,54.85,53.3,22621.361827841225,7.07879866051973,27807.025798932344
100,55.41,0,27807.025798932344,25250.45826759277,53.01,58.85,21857.136725800076,6.552819821957033,19900.88255330473
101,45.52,0,19900.88255330473,23543.829274456384,55.41,49.4,21466.1907596213,6.8324756720759074,20807.20751120497
102,41.36,0,20807.20751120497,20628.039967566456,45.52,42.64,22336.515981166427,7.077426220367626,26720.316518382344
103,48.49,0,26720.316518382344,22860.560693055933,41.36,41.08,21919.38353156439,6.013542256954372,19940.633545841672
104,43.4,0,19940.633545841672,20476.700977075605,48.49,58.03,22369.508521171385,5.676841006185478,23627.575904324574
105,40.7,1,23627.575904324574,17782.917816209065,43.4,54.85,22745.928520769296,5.708798555945535,20417.85781339446
106,75.31,0,20417.85781339446,27807.025798932344,40.7,53.01,21866.733049242852,12.226400007477363,21652.6574982472
107,41.9,0,21652.6574982472,19900.88255330473,75.31,55.41,22193.386143369233,12.30115267537324,22187.45421218944
108,47.56,1,22187.45421218944,20807.20751120497,41.9,45.52,20692.622614777887,12.253995849750375,10301.862811065525
109,48.64,0,10301.862811065525,26720.316518382344,47.56,41.36,19855.478266235492,11.860675119304952,20860.306078585578
110,47.14,0,20860.306078585578,19940.633545841672,48.64,48.49,20778.177487369976,11.889420867788886,26399.528093783047
111,37.34,0,26399.528093783047,23627.575904324574,47.14,43.4,20962.615039048622,12.585416163162229,24918.63876607509
112,37.45,0,24918.63876607509,20417.85781339446,37.34,40.7,21645.97244139035,12.969610450513935,25201.35962978657
113,37.02,0,25201.35962978657,21652.6574982472,37.45,75.31,21660.69455709858,5.280820192427138,21755.712308204824
114,36.59,0,21755.712308204824,22187.45421218944,37.02,41.9,21269.204319025703,5.732651260644996,19447.02254567929
115,48.2,1,19447.02254567929,10301.862811065525,36.59,47.56,22703.635522566892,5.846093934046774,20342.881235853853
116,41.88,0,20342.881235853853,20860.306078585578,48.2,48.64,22387.908330172915,5.022093568374436,18650.215731827742
117,48.9,0,18650.215731827742,26399.528093783047,41.88,47.14,21059.441522075325,5.420491543339282,17100.260437099914
118,47.505,0,17100.260437099914,24918.63876607509,48.9,37.34,19955.443150786778,5.617608265003171,17190.650167055257
119,46.11,0,17190.650167055257,25201.35962978657,47.505,37.45,18467.22520179883,5.260699188545707,14783.833986870935
120,50.28,0,14783.833986870935,21755.712308204824,46.11,37.02,18570.38828080476,4.8036443258747425,22477.853861246334
121,41.08,0,22477.853861246334,19447.02254567929,50.28,36.59,18896.47079270202,3.5232636723280897,21729.60012896011
122,40.47,0,21729.60012896011,20342.881235853853,41.08,48.2,19275.18210365062,4.000059374557425,22993.86041249405
123,42.33,0,22993.86041249405,18650.215731827742,40.47,41.88,20172.76288823838,3.9414659165611634,24933.28122394204
124,46.94,0,24933.28122394204,17100.260437099914,42.33,48.9,21707.131496649607,3.7003090282767768,27840.84069597851
125,50.0,0,27840.84069597851,17190.650167055257,46.94,47.505,22079.91705406102,4.086411861859579,19800.149068935185
126,52.57,0,19800.149068935185,14783.833986870935,50.0,46.11,22797.50227707922,4.936677116478843,19806.93054799832
127,46.91,0,19806.93054799832,22477.853861246334,52.57,50.28,21797.118140669074,4.631773289951554,15475.164906375288
128,53.33,0,15475.164906375288,21729.60012896011,46.91,41.08,21024.99631773806,4.877754655184655,16324.747368443035
129,51.58,0,16324.747368443035,22993.86041249405,53.33,40.47,19356.638052235747,3.919791053710293,11315.352553977878
130,71.45,0,11315.352553977878,24933.28122394204,51.58,42.33,18223.73988584247,8.416964728337721,17002.99405918908
131,36.6,0,17002.99405918908,27840.84069597851,71.45,46.94,16871.28270908608,10.386635185476395,18373.64045868378
132,54.39,0,18373.64045868378,19800.149068935185,36.6,50.0,16610.227350228368,10.393978797269172,17972.761556931193
133,55.6,0,17972.761556931193,19806.93054799832,54.39,52.57,16401.942392916873,10.464880496666446,18348.935846817843
134,42.64,0,18348.935846817843,15475.164906375288,55.6,46.91,16408.445354078696,10.979741518337745,15520.685634508056
135,54.21,0,15520.685634508056,16324.747368443035,42.64,53.33,16959.21814904725,10.999493494831615,20180.156933222926
136,52.92,0,20180.156933222926,11315.352553977878,54.21,51.58,18290.467600409098,10.995460968269944,20634.09871351081
137,32.64,0,20634.09871351081,17002.99405918908,52.92,71.45,18401.95804341125,9.565404678666331,17783.427160204148
138,42.26,0,17783.427160204148,18373.64045868378,32.64,36.6,18316.705752144833,8.743691875805826,17776.87441981885
139,53.21,0,17776.87441981885,17972.761556931193,42.26,54.39,18029.120650767953,8.605949492452988,15959.665847293036
140,53.27,0,15959.665847293036,18348.935846817843,53.21,55.6,18251.514734188397,8.2858709344789,19905.694430760945
141,32.7,0,19905.694430760945,15520.685634508056,53.27,42.64,19055.584919409208,9.911319646890721,21149.17693105374
142,45.29,0,21149.17693105374,20180.156933222926,32.7,54.21,18950.969293904953,9.211637050103624,19447.847554693137
143,60.64,0,19447.847554693137,20634.09871351081,45.29,52.92,18798.251116833042,10.711926152879638,19565.071474007455
144,54.03,0,19565.071474007455,17783.427160204148,60.64,32.64,19007.044903724716,9.320796512049439,19244.983668445864
145,46.62,0,19244.983668445864,17776.87441981885,54.03,42.26,20514.293056959265,8.951515434350434,28327.61149246068
146,41.08,0,28327.61149246068,15959.665847293036,46.62,53.21,20653.873865486617,9.258562574847465,16936.73150698452
147,53.0,0,16936.73150698452,19905.694430760945,41.08,53.27,20390.769651775572,9.231826677830828,18063.9649347836
148,49.92,0,18063.9649347836,21149.17693105374,53.0,32.7,20341.702328665302,6.47538599695102,20805.70566928185
149,68.39,0,20805.70566928185,19447.847554693137,49.92,45.29,20331.283513775164,9.014190136085984,19374.915850462203
150,47.66,0,19374.915850462203,19565.071474007455,68.39,60.64,19825.495863913846,8.597965706241219,16024.557924978202
151,65.82,0,16024.557924978202,19244.983668445864,47.66,54.03,18761.336023341515,10.179064649703486,11795.864784439538
152,62.1,0,11795.864784439538,28327.61149246068,65.82,46.62,17581.29122511229,10.189559783004118,20067.297904856125
153,58.76,0,20067.297904856125,16936.73150698452,62.1,41.08,18354.78485804156,7.996630540420554,22351.1869374894
154,51.43,0,22351.1869374894,18063.9649347836,58.76,53.0,18803.582382638207,8.178552963172352,21205.54760696012
155,61.02,0,21205.54760696012,20805.70566928185,51.43,49.92,18915.547173358715,7.457145183359463,21589.459204325416
156,49.03,0,21589.459204325416,19374.915850462203,61.02,68.39,19198.59304915355,7.110991157221454,21356.236981026064
157,48.87,0,21356.236981026064,16024.557924978202,49.03,47.66,19829.800530441273,6.869603163140802,20443.010293992244
158,38.24,0,20443.010293992244,11795.864784439538,48.87,65.82,21085.76049004474,8.496127409141577,20587.584501663816
159,64.54,0,20587.584501663816,20067.297904856125,38.24,62.1,20706.14263248457,8.978648217271333,17409.97290193491
160,40.03,0,17409.97290193491,22351.1869374894,64.54,58.76,20541.527336435138,9.775707013768008,21198.8798651434
161,47.14,0,21198.8798651434,21205.54760696012,40.03,51.43,20138.718059975272,9.838406762226946,18385.88267174104
162,43.3,0,18385.88267174104,21589.459204325416,47.14,61.02,19903.875569587573,8.695182026626888,19945.56177161153
163,50.98,0,19945.56177161153,21356.236981026064,43.3,49.03,18609.456881673035,8.79029361880175,12295.30616562432
164,59.1,0,12295.30616562432,20443.010293992244,50.98,48.87,18551.030401562115,9.828483630559477,20034.024933215787
165,60.18,0,20034.024933215787,20587.584501663816,59.1,38.24,19148.355008864684,9.291344410383603,24768.85675278181
166,57.87,0,24768.85675278181,17409.97290193491,60.18,64.54,20026.9758310837,8.075110790924157,23560.31865746801
167,47.77,0,23560.31865746801,21198.8798651434,57.87,40.03,18736.784098498665,6.698755748003823,12167.53773704817
168,30.17,0,12167.53773704817,18385.88267174104,47.77,47.14,19644.893038922783,10.742243713488593,24742.645254709867
169,75.92,0,24742.645254709867,19945.56177161153,30.17,43.3,19301.794157038235,13.983285260147301,17543.8695984197
170,48.58,0,17543.8695984197,12295.30616562432,75.92,50.98,20493.655549000225,14.114783873992186,20638.33590935824
171,46.67,0,20638.33590935824,20034.024933215787,48.58,59.1,20748.2236541301,14.181303922854438,21816.001669124907
172,50.73,0,21816.001669124907,24768.85675278181,46.67,60.18,19588.537477545,13.76669462697442,16651.053516686094
173,50.48,0,16651.053516686094,23560.31865746801,50.73,57.87,19635.872802926653,13.44062356830021,23891.66593513957
174,55.64,0,23891.66593513957,12167.53773704817,50.48,47.77,21303.153793019148,13.54727032775676,23838.504667695648
175,40.13,0,23838.504667695648,24742.645254709867,55.64,30.17,20755.61360664211,11.312832999570718,20909.863950070623
176,52.24,0,20909.863950070623,17543.8695984197,40.13,75.92,22011.672463055176,4.894622900011642,26336.28159331117
177,54.23,0,26336.28159331117,20638.33590935824,52.24,48.58,22537.701429401168,5.227924107729154,24320.53867378013
178,66.95,0,24320.53867378013,21816.001669124907,54.23,46.67,22563.497071569054,7.966088243595327,21996.57116430015
179,53.03,0,21996.57116430015,16651.053516686094,66.95,50.73,23294.015491017617,7.9082018906223555,21764.682452826044
180,41.8,0,21764.682452826044,23891.66593513957,53.03,50.48,21654.50365470054,9.016469586790022,12415.08308092003
181,49.76,0,12415.08308092003,23838.504667695648,41.8,55.64,20947.32464205367,8.894218560925365,18888.25157916757
182,57.72,0,18888.25157916757,20909.863950070623,49.76,40.13,21171.691276254474,7.65630210380624,22480.430389476205
183,53.05,0,22480.430389476205,26336.28159331117,57.72,52.24,20033.958005920842,7.637083711668584,18372.14870097578
184,31.8,0,18372.14870097578,24320.53867378013,53.05,54.23,18820.620329988094,11.265794415375648,15827.174942250873
185,51.16,0,15827.174942250873,21996.57116430015,31.8,66.95,18548.044240338382,8.74143471933331,20088.53853675217
186,64.12,0,20088.53853675217,21764.682452826044,51.16,53.03,17777.622560177686,10.552320214282123,16371.730691701156
187,49.06,0,16371.730691701156,12415.08308092003,64.12,41.8,18235.77918303597,9.961982256367246,15622.179440928048
188,43.91,0,15622.179440928048,18888.25157916757,49.06,49.76,18161.64201434116,10.317756077567239,18369.29139830389
189,56.4,0,18369.29139830389,22480.430389476205,43.91,57.72,17447.72303654569,10.16659960945806,17482.997544907907
190,52.94,0,17482.997544907907,18372.14870097578,56.4,53.05,17688.72210519182,10.161054266635377,20059.142181498693
191,41.76,0,20059.142181498693,15827.174942250873,52.94,31.8,18338.103501209822,7.568619110384713,20372.844714376886
192,48.02,0,20372.844714376886,20088.53853675217,41.76,51.16,17329.26700233758,7.673097406491668,13026.68304464648
193,46.57,0,13026.68304464648,16371.730691701156,48.02,64.12,18032.55263665967,5.046242826762454,21294.730131955814
194,62.93,0,21294.730131955814,15622.179440928048,46.57,49.06,19032.285494492105,7.48938232560155,22620.309445755065
195,51.51,0,22620.309445755065,18369.29139830389,62.93,43.91,19742.26189263298,6.928106317230029,23339.126185290013
196,39.2,0,23339.126185290013,17482.997544907907,51.51,56.4,20021.88610474786,7.865439169767848,19440.36702971206
197,57.07,0,19440.36702971206,20059.142181498693,39.2,52.94,19638.508328919448,8.351027880845074,17375.49775069983
198,28.91,0,17375.49775069983,20372.844714376886,57.07,41.76,18883.482716776023,11.261627853234481,15087.665429372895
199,49.44,0,15087.665429372895,13026.68304464648,28.91,48.02,20724.06684390706,11.280196089142626,25910.771934563752
200,56.03,0,25910.771934563752,21294.730131955814,49.44,46.57,21460.045952514225,11.648379613449789,26446.583892205963
201,62.13,0,26446.583892205963,22620.309445755065,56.03,62.93,21640.265211736707,11.495265485033986,23881.84426031244
202,50.27,0,23881.84426031244,23339.126185290013,62.13,51.51,21387.30013059262,11.462961679957562,21568.370617281373
203,49.99,0,21568.370617281373,19440.36702971206,50.27,39.2,21784.719628171722,10.618779635738104,22222.30351276578
204,59.44,0,22222.30351276578,17375.49775069983,49.99,57.07,22536.85872230936,10.895541464723502,22640.47140966333
205,62.74,0,22640.47140966333,15087.665429372895,59.44,28.91,23351.808682014813,5.863400606018053,20792.31514731105
206,55.5,0,20792.31514731105,25910.771934563752,62.74,49.44,22308.668517940492,5.190384883424502,18608.790786043493
207,54.08,0,18608.790786043493,26446.583892205963,55.5,56.03,21088.554149323907,5.276791052288323,17905.7833118899
208,60.69,0,17905.7833118899,23881.84426031244,54.08,62.13,20460.98849462713,5.03445935055267,19488.88467743501
209,47.19,0,19488.88467743501,21568.370617281373,60.69,50.27,19672.39741956692,5.717334543797525,16048.23309185989
210,41.22,0,16048.23309185989,22222.30351276578,47.19,49.99,19734.83832499618,7.762406045745967,22659.389850770607
211,48.38,0,22659.389850770607,22640.47140966333,41.22,59.44,19943.76515353764,7.69288941939459,24102.959209453507
212,40.22,0,24102.959209453507,20792.31514731105,48.38,62.74,19958.618503361522,7.564972854260567,20896.288596078237
213,47.53,0,20896.288596078237,18608.790786043493,40.22,55.5,20187.682662551724,7.117531674874508,20212.239900374923
214,33.61,0,20212.239900374923,17905.7833118899,47.53,54.08,20525.865234049426,8.500587094569713,20273.061312373804
215,49.74,0,20273.061312373804,19488.88467743501,33.61,60.69,20456.08864620101,5.84146345003366,19000.44856249611
216,54.62,0,19000.44856249611,16048.23309185989,49.74,47.19,21268.278531992335,7.067432011563986,21733.56229239916
217,52.945,0,21733.56229239916,22659.389850770607,54.62,41.22,20409.478635349293,7.39160358592187,16647.790574269337
218,51.27,0,16647.790574269337,24102.959209453507,52.945,48.38,19531.468174456655,7.5780872225361415,17956.88598320502
219,55.58,0,17956.88598320502,20896.288596078237,51.27,40.22,19731.37803207194,7.465530711845531,22295.65759938521
220,43.51,0,22295.65759938521,20212.239900374923,55.58,47.53,20602.382307960757,7.775082375921548,26309.269831596648
221,57.02,0,26309.269831596648,20273.061312373804,43.51,33.61,20457.2102994541,4.53555937118118,19256.857252827194
222,46.6,0,19256.857252827194,19000.44856249611,57.02,49.74,20455.32934945557,4.944461909188307,18987.28191250642
223,54.2,0,18987.28191250642,21733.56229239916,46.6,54.62,19899.630309817945,4.904793937711765,17843.669014935807
224,50.22,0,17843.669014935807,16647.790574269337,54.2,52.945,20653.266447348728,4.887368071534217,21923.24353698481
225,48.49,0,21923.24353698481,17956.88598320502,50.22,51.27,20534.492440374073,4.992550164279021,17125.46793438243
226,51.86,0,17125.46793438243,22295.65759938521,48.49,55.58,20060.89384781189,4.580263560724373,18980.467451449946
227,42.63,0,18980.467451449946,26309.269831596648,51.86,43.51,18902.135663771416,4.803414955849684,18197.962543313304
228,35.63,0,18197.962543313304,19256.857252827194,42.63,57.02,19582.987981332342,6.278603878781583,24022.82347575369
229,43.59,0,24022.82347575369,18987.28191250642,35.63,46.6,20289.94172372811,6.419252292906424,23935.95810927677
230,49.7,0,23935.95810927677,17843.669014935807,43.59,54.2,21276.92799049777,5.726225383517607,24752.572882323457
231,55.85,0,24752.572882323457,21923.24353698481,49.7,50.22,21479.8188910995,6.723477345766253,23343.479841196928
232,60.73,0,23343.479841196928,17125.46793438243,55.85,48.49,22667.723811218497,8.568280652109738,25440.802375215382
233,40.78,0,25440.802375215382,18980.467451449946,60.73,51.86,21804.82905166798,8.877072930279903,12940.204134596355
234,58.38,0,12940.204134596355,18197.962543313304,40.78,42.63,22169.700850142657,9.558500081577064,20752.065132636017
235,48.13,0,20752.065132636017,24022.82347575369,58.38,35.63,20991.084567050875,7.549167093760022,15772.509494111197
236,45.43,0,15772.509494111197,23935.95810927677,48.13,43.59,20658.95788181901,7.274253357200812,21611.071312653712
237,57.93,0,21611.071312653712,24752.572882323457,45.43,49.7,20011.730769312384,7.631562593534385,20221.983094777097
238,53.94,0,20221.983094777097,23343.479841196928,57.93,55.85,19357.323934727166,7.523597163970162,18762.63199910039
239,56.71,0,18762.63199910039,25440.802375215382,53.94,60.73,18501.81875531381,6.889675505523757,19452.266119321903
240,55.0,0,19452.266119321903,12940.204134596355,56.71,40.78,19793.40910801849,5.000002857140635,21981.336603529115
241,59.75,0,21981.336603529115,20752.065132636017,55.0,58.38,20305.455437178178,5.237379842920848,24336.389436753838
242,51.39,0,24336.389436753838,15772.509494111197,59.75,48.13,21413.1062438989,4.768852812033858,23526.06514115624
243,49.87,0,23526.06514115624,21611.071312653712,51.39,45.43,20774.689542736753,3.5242040641399486,17142.154404518693
244,50.02,0,17142.154404518693,20221.983094777097,49.87,57.93,20836.50111974413,3.671300535101096,20654.664133828737
245,39.465,0,20654.664133828737,18762.63199910039,50.02,53.94,21303.881301716978,6.541431236284082,22034.293272910305
246,28.91,0,22034.293272910305,19452.266119321903,39.465,56.71,22367.346328045347,10.352477906738482,26896.521303620502
247,44.38,0,26896.521303620502,21981.336603529115,28.91,55.0,21014.378058130966,9.884292674068838,12510.55871412844
248,48.83,0,12510.55871412844,24336.389436753838,44.38,59.75,20279.661427947733,8.100163064201272,19193.37302547122
249,53.9,0,19193.37302547122,23526.06514115624,48.83,51.39,19706.944890702907,8.49200443274132,19517.049380442444
250,44.6,0,19517.049380442444,17142.154404518693,53.9,49.87,20136.21514714586,8.223188974159944,20147.046199619377
251,42.55,0,20147.046199619377,20654.664133828737,44.6,50.02,20410.81248155569,7.832711702790492,22576.845474697555
252,42.07,0,22576.845474697555,22034.293272910305,42.55,39.465,18615.32383167159,7.684297532722961,9465.8727237216
253,46.38,0,9465.8727237216,26896.521303620502,42.07,28.91,17344.598233430468,4.131647889849578,18001.442115932656
254,57.4,0,18001.442115932656,12510.55871412844,46.38,44.38,18660.203653251712,5.815214036103822,21719.79665287714
255,51.67,0,21719.79665287714,19193.37302547122,57.4,48.83,19093.58724309702,5.982573900602916,22227.058154388345
256,59.91,0,22227.058154388345,19517.049380442444,51.67,53.9,19114.1280737998,7.213554041160765,19660.835195361924
257,50.65,0,19660.835195361924,20147.046199619377,59.91,44.6,18934.477607031647,6.9235660368520895,18889.492932242312
258,41.43,0,18889.492932242312,22576.845474697555,50.65,42.55,18548.561405445747,7.136518759169982,19875.43206359626
259,49.98,0,19875.43206359626,9465.8727237216,41.43,42.07,20056.53887758788,6.2565166027099535,20021.71502871649
260,47.34,0,20021.71502871649,18001.442115932656,49.98,46.38,20185.56867880711,6.146385697533345,18904.65072446729
261,48.38,0,18904.65072446729,21719.79665287714,47.34,57.4,19714.082178744786,5.545362713027227,18419.391152440883
262,57.36,0,18419.391152440883,22227.058154388345,48.38,51.67,18673.586531377972,6.222302437123485,14943.58862282064
263,66.01,0,14943.58862282064,19660.835195361924,57.36,59.91,18325.037321620683,7.919355433125598,17220.990727060893
264,46.02,0,17220.990727060893,18889.492932242312,66.01,50.65,18493.789458339877,8.199618748395132,20070.75788927668
265,43.21,1,20070.75788927668,19875.43206359626,46.02,41.43,17900.53925303502,7.877109996994283,15722.68062646226
266,56.69,0,15722.68062646226,20021.71502871649,43.21,49.98,17478.960566034693,8.110739500075244,17070.66421971421
267,43.62,0,17070.66421971421,18904.65072446729,56.69,47.34,17595.408744762386,8.585937561472788,19719.78797556114
268,62.68,0,19719.78797556114,18419.391152440883,43.62,48.38,17360.88630859055,9.355278112991323,16777.734099238016
269,52.44,0,16777.734099238016,14943.58862282064,62.68,57.36,18195.88317569436,9.214350608851548,20788.56669254732
270,50.66,0,20788.56669254732,17220.990727060893,52.44,66.01,18532.599954441666,7.194134184643202,19578.00817829205
271,43.475,0,19578.00817829205,20070.75788927668,50.66,46.02,19294.023019557313,7.530070116032527,25400.719345086203
272,36.29,0,25400.719345086203,15722.68062646226,43.475,43.21,20005.678858949625,8.950953327784447,20704.271502208423
273,43.225,0,20704.271502208423,17070.66421971421,36.29,56.69,20652.573008861826,8.563630669177636,21598.923269099625
274,50.16,0,21598.923269099625,19719.78797556114,43.225,43.62,20706.069355325744,8.427446585553996,20094.262400808577
275,54.96,0,20094.262400808577,16777.734099238016,50.16,62.68,21270.82463346189,6.544960165762135,20731.021046191032
276,51.43,0,20731.021046191032,20788.56669254732,54.96,52.44,21727.100353491358,6.423165570991103,23982.4967327536
277,59.91,0,23982.4967327536,19578.00817829205,51.43,50.66,22168.665889343458,8.014780022527665,22668.96692925674
278,53.12,0,22668.96692925674,25400.719345086203,59.91,43.475,21210.662341031926,7.835414490509117,18694.694506905515
279,50.17,0,18694.694506905515,20704.271502208423,53.12,36.29,21440.30277569335,5.107087162532049,22311.754544838357
280,57.81,0,22311.754544838357,21598.923269099625,50.17,43.225,23025.728210960806,3.8107729499638583,32696.90131597183
281,40.64,0,32696.90131597183,20094.262400808577,57.81,50.16,23346.487862116333,6.281347292540774,22339.57995889726
282,36.84,0,22339.57995889726,20731.021046191032,40.64,54.96,23498.390038458776,8.48338263621098,21794.33628058814
283,45.47,0,21794.33628058814,23982.4967327536,36.84,51.43,22814.932393950385,8.612703242469346,19198.29322119486
284,52.59,0,19198.29322119486,22668.96692925674,45.47,59.91,23042.630984586507,7.45302048069767,24262.857063709565
285,59.42,0,24262.857063709565,18694.694506905515,52.59,53.12,22237.998218470293,8.472161134309186,13062.265144092042
286,66.51,0,13062.265144092042,22311.754544838357,59.42,50.17,22198.119660112457,10.786057137407248,22032.604636333508
287,53.79,0,22032.604636333508,32696.90131597183,66.51,57.81,20690.94913789926,10.486120077783747,22146.70766047944
288,52.97,0,22146.70766047944,22339.57995889726,53.79,40.64,19495.948410741526,9.493111036053598,13974.574868793146
289,51.14,0,13974.574868793146,21794.33628058814,52.97,36.84,19690.446291363707,6.680174291993768,23155.821444943394
290,55.16,0,23155.821444943394,19198.29322119486,51.14,45.47,20246.081350762423,5.356454050954429,23087.73863698587
291,59.07,0,23087.73863698587,24262.857063709565,55.16,52.59,20082.35707982034,5.239678288923364,23116.78716711501
292,62.22,0,23116.78716711501,13062.265144092042,59.07,59.42,21647.40371862814,5.564011913306345,24017.591615746594
293,38.22,0,24017.591615746594,22032.604636333508,62.22,66.51,20428.51836672161,7.623426301304036,13500.407172987843
294,53.77,0,13500.407172987843,22146.70766047944,38.22,53.79,20133.42009252664,7.623182687414742,20081.019741114636
295,67.45,0,20081.019741114636,13974.574868793146,53.77,52.97,21177.700382259005,9.319456350380781,21284.53689691969
296,54.22,0,21284.53689691969,23155.821444943394,67.45,51.14,20924.168709352594,9.1622486322947,21381.09973459854
297,40.99,0,21381.09973459854,23087.73863698587,54.22,55.16,20166.780119088162,10.738865329792262,17786.01850513481
298,48.35,0,17786.01850513481,23116.78716711501,40.99,59.07,19394.08634455866,10.609984067129757,17707.930745408503
299,43.93,0,17707.930745408503,24017.591615746594,48.35,62.22,18394.5091011094,9.955679164127002,17020.550911601797
300,48.38,0,17020.550911601797,13500.407172987843,43.93,38.22,19152.279405337624,8.68633546494199,18804.7993025854
301,58.53,0,18804.7993025854,20081.019741114636,48.38,53.77,18999.072137855,9.113939350038258,19008.568868736253
302,46.15,0,19008.568868736253,21284.53689691969,58.53,67.45,18861.25765661513,6.0000861104919165,20319.835528240597
303,54.33,0,20319.835528240597,21381.09973459854,46.15,54.22,18688.664418270433,6.017224878470135,20172.947066185672
304,49.9,0,20172.947066185672,17786.01850513481,54.33,40.99,19164.32790390761,4.9750659244241096,21115.662904595058
305,48.3,0,21115.662904595058,17707.930745408503,49.9,48.35,19097.898954470882,4.977761975596991,17242.928099351404
306,63.61,0,17242.928099351404,17020.550911601797,48.3,43.93,20767.36214563231,6.3826058269990895,28706.793249731785
307,37.03,0,28706.793249731785,18804.7993025854,63.61,48.38,21194.044111273975,8.697529205797442,21791.573062077056
308,43.61,0,21791.573062077056,19008.568868736253,37.03,58.53,22588.05233390108,8.402537315199384,28766.62642712599
309,43.69,0,28766.62642712599,20319.835528240597,43.61,46.15,22213.492128321985,8.590456775924798,17697.91408918691
310,42.33,0,17697.91408918691,20172.947066185672,43.69,54.33,21424.808271751735,8.461776521791755,14652.160070193944
311,49.78,0,14652.160070193944,21115.662904595058,42.33,49.9,21449.032507892105,8.454861943058251,21285.232557577638
312,47.77,0,21285.232557577638,17242.928099351404,49.78,48.3,22031.993465571693,8.442674198323175,21323.65480310853
313,41.46,0,21323.65480310853,28706.793249731785,47.77,63.61,20790.39052142112,4.1816133819584556,20015.572640677758
314,35.15,0,20015.572640677758,21791.573062077056,41.46,37.03,20829.55298093514,4.70638725057389,22065.710278675186
315,64.57,0,22065.710278675186,28766.62642712599,35.15,43.61,19934.572340334737,9.294487101296905,22501.7619429232
316,48.32,0,22501.7619429232,17697.91408918691,64.57,43.69,20752.95678547104,9.23463563104032,23426.60520514104
317,54.86,0,23426.60520514104,14652.160070193944,48.32,42.33,22144.380320221662,9.379521766668764,24392.12481344829
318,45.1,0,24392.12481344829,21285.232557577638,54.86,49.78,22546.097470272856,9.468084736176214,24097.252607936
319,54.19,0,24097.252607936,21323.65480310853,45.1,47.77,22650.40620592541,9.729566133329984,22053.815952676385
320,31.96,0,22053.815952676385,20015.572640677758,54.19,41.46,23384.317782014878,11.477283152881299,25152.95367330404
321,49.61,0,25152.95367330404,22065.710278675186,31.96,35.15,22435.63127772883,10.046646917539157,15424.904748672856
322,63.36,0,15424.904748672856,22501.7619429232,49.61,64.57,21997.698728372103,9.756414007497787,19436.23409742612
323,35.44,0,19436.23409742612,23426.60520514104,63.36,48.32,21694.705463276918,11.158178508118247,21305.65234947475
324,46.23,0,21305.65234947475,24392.12481344829,35.44,54.86,20800.041504243298,10.71458640847821,18129.47710021293
325,57.02,0,18129.47710021293,24097.252607936,46.23,45.1,19942.08579860583,11.371736057100753,18091.562668473725
326,48.76,0,18091.562668473725,22053.815952676385,57.02,54.19,19529.904650369015,11.081183321717411,19168.547915018684
327,56.24,0,19168.547915018684,25152.95367330404,48.76,31.96,18677.90840541941,9.02096895861891,19188.9799586568
328,45.48,0,19188.9799586568,15424.904748672856,56.24,49.61,19062.07789795803,9.255337970726181,18114.091196443176
329,44.86,0,18114.091196443176,19436.23409742612,45.48,63.36,19243.31390488323,7.375383444429535,20704.886145902557
330,63.65,0,20704.886145902557,21305.65234947475,44.86,35.44,18532.03603283398,7.254176793569765,16326.707245130008
331,52.0,0,16326.707245130008,18129.47710021293,63.65,46.23,19209.64960858542,6.838505475821634,22872.77213047297
332,52.13,0,22872.77213047297,18091.562668473725,52.0,57.02,18626.34799668729,6.552276594544354,14008.451385186838
333,40.79,0,14008.451385186838,19168.547915018684,52.13,48.76,18521.85913516768,7.764042884010035,18437.12588438142
334,42.33,0,18437.12588438142,19188.9799586568,40.79,56.24,18428.992632644662,7.899365857609425,18538.91444099566
335,68.19,0,18538.91444099566,18114.091196443176,42.33,45.48,18789.322632164316,10.551522345591131,20636.40119308074
336,29.4,0,20636.40119308074,20704.886145902557,68.19,44.86,18773.82023604363,13.499523272005323,20596.369373057787
337,52.67,0,20596.369373057787,16326.707245130008,29.4,63.65,19116.84712182984,12.194733640855507,18727.89544563348
338,30.51,0,18727.89544563348,22872.77213047297,52.67,52.0,18596.711434143916,13.695901889668034,19231.822316671467
339,54.12,0,19231.822316671467,14008.451385186838,30.51,52.13,19601.694311113253,13.884392916748308,21043.331523972207
340,46.43,0,21043.331523972207,18437.12588438142,54.12,40.79,20172.794803312278,13.733076685072406,22434.829329774595
341,47.73,0,22434.829329774595,18538.91444099566,46.43,42.33,19892.133431154205,13.628383022556564,16574.28483588915
342,48.46,0,16574.28483588915,20636.40119308074,47.73,68.19,19499.048227863645,10.101022107639963,17884.804770046805
343,39.36,0,17884.804770046805,20596.369373057787,48.46,29.4,17876.312169457186,8.191718233620561,9237.2169642126
344,71.41,0,9237.2169642126,18727.89544563348,39.36,52.67,19270.5227600644,12.703009392227967,28487.36957988398
345,57.3,0,28487.36957988398,19231.822316671467,71.41,30.51,18794.200923572913,10.253436589980302,15897.569461231047
346,51.06,0,15897.569461231047,21043.331523972207,57.3,54.12,17909.0475214429,10.218916166552718,14847.257709062133
347,43.87,0,14847.257709062133,22434.829329774595,51.06,46.43,16911.54988636686,10.480517980655438,15452.345884242326
348,39.64,0,15452.345884242326,16574.28483588915,43.87,47.73,17017.433013462844,11.351332835523845,17315.466725561007
349,47.34,0,17315.466725561007,17884.804770046805,39.64,48.46,18280.090624462082,11.387078516583687,26723.408047041477
350,60.43,0,26723.408047041477,9237.2169642126,47.34,39.36,19180.264440138348,10.880168065928126,15538.433673946454
351,61.46,0,15538.433673946454,28487.36957988398,60.43,71.41,17768.78403971375,8.454887850906918,18607.00677691181
352,54.61,0,18607.00677691181,15897.569461231047,61.46,57.3,17721.83664677846,8.209448679359193,15568.937710684018
353,50.69,0,15568.937710684018,14847.257709062133,54.61,51.06,18760.699045977217,8.211701871051604,22119.29450345344
354,46.36,0,22119.29450345344,15452.345884242326,50.69,43.87,18846.17824060081,7.891550031821804,16050.700246607475
355,58.31,0,16050.700246607475,17315.466725561007,46.36,39.64,18552.967982554204,6.1835842588016465,15262.994919234765
356,51.13,0,15262.994919234765,26723.408047041477,58.31,47.34,17117.344557049877,5.626575969703284,16674.04406851117
357,36.68,0,16674.04406851117,15538.433673946454,51.13,60.43,17719.887127967297,8.1840087976483,19756.2316703684
358,54.35,0,19756.2316703684,18607.00677691181,36.68,61.46,17792.650251859373,7.082932201525945,19116.34864415635
359,48.06,1,19116.34864415635,15568.937710684018,54.35,54.61,18021.134284602394,6.84806889707106,17168.325939885155
360,50.71,1,17168.325939885155,22119.29450345344,48.06,50.69,17326.31274402677,6.848716250926061,17255.543719424073
361,44.620000000000005,0,17255.543719424073,16050.700246607475,50.71,46.36,18089.17004997926,7.006001508909452,21390.7013882749
362,38.53,0,21390.7013882749,15262.994919234765,44.620000000000005,58.31,18859.521673739164,6.663541886727683,20655.456285554108
363,52.605,0,20655.456285554108,16674.04406851117,38.53,51.13,19356.180968885634,6.862197083260411,20150.65913453644
364,66.68,0,20150.65913453644,19756.2316703684,52.605,36.68,18991.42956597822,8.796738370121373,17202.9718500165
365,48.43,0,17202.9718500165,19116.34864415635,66.68,54.35,18098.25473443448,8.681659718980871,12864.124823350174
1,49.73,1,12864.124823350174,17168.325939885155,48.43,48.06,18640.567805646653,8.643999225996739,20964.517438370385
2,47.13,0,20964.517438370385,17255.543719424073,49.73,50.71,18744.858928184556,8.713486194781694,17985.581577189372
3,51.25,0,17985.581577189372,21390.7013882749,47.13,44.620000000000005,18056.66398519858,8.428098766003426,16573.336787373053
4,48.86,0,16573.336787373053,20655.456285554108,51.25,38.53,18425.64102231854,6.681294695604194,23238.29554539387
5,43.9,0,23238.29554539387,20150.65913453644,48.86,52.605,18913.151180986573,7.348022085664503,23563.23024521267
6,68.22,0,23563.23024521267,17202.9718500165,43.9,66.68,19500.96907260564,7.902916881638069,21317.69709134997
7,37.11,0,21317.69709134997,12864.124823350174,68.22,48.43,20384.914094588825,9.525750564102982,19051.73997723245
8,72.94,0,19051.73997723245,20964.517438370385,37.11,49.73,20357.98341558283,13.031065080907322,20776.0026853284
9,55.87,0,20776.0026853284,17985.581577189372,72.94,47.13,20967.02587731253,12.817240249719626,22248.878809297294
10,49.21,0,22248.878809297294,16573.336787373053,55.87,51.25,21304.12458400911,12.913587159783237,18933.027734249117
11,49.84,0,18933.027734249117,23238.29554539387,49.21,48.86,19700.541473122867,12.857179576666566,12013.213769190164
12,59.73,0,12013.213769190164,23563.23024521267,49.84,43.9,18825.043947959675,12.18593920408681,17434.747569070347
13,50.69,0,17434.747569070347,21317.69709134997,59.73,68.22,18223.046658255105,11.034477354010729,17103.716063417967
14,46.85,0,17103.716063417967,19051.73997723245,50.69,37.11,18321.01647673296,9.038061054177108,19737.528706577414
15,48.91,0,19737.528706577414,20776.0026853284,46.85,72.94,17445.02640541649,4.541746569850269,14644.072186113115
16,51.97,0,14644.072186113115,22248.878809297294,48.91,55.87,16662.947986018225,4.1509935701025,16774.329873509454
17,55.96,0,16774.329873509454,18933.027734249117,51.97,49.21,16607.858666895812,4.432594102348571,18547.40250039223
18,46.45,0,18547.40250039223,12013.213769190164,55.96,49.84,17517.456117623395,4.870559271688662,18380.395924283235
19,47.1,0,18380.395924283235,17434.747569070347,46.45,59.73,17708.467156674964,3.4493857286111624,18771.82484243131
20,42.24,0,18771.82484243131,17103.716063417967,47.1,50.69,18463.755734139646,4.395701363397509,22390.73610567076
21,47.57,0,22390.73610567076,19737.528706577414,42.24,46.85,19026.1427532105,4.3590060028999265,23674.23784007342
22,59.49,0,23674.23784007342,14644.072186113115,47.57,48.91,20252.744077337273,6.007088669705051,23230.28145500052
23,60.53,0,23230.28145500052,16774.329873509454,59.49,51.97,21100.6984075179,7.201103751375892,22710.01018477382
24,40.12,0,22710.01018477382,18547.40250039223,60.53,55.96,21439.151190201435,7.954607529750622,20916.57197917697
25,39.55,0,20916.57197917697,18380.395924283235,40.12,46.45,22224.810220667077,8.723903669692797,23880.00913754274
26,48.82,1,23880.00913754274,18771.82484243131,39.55,47.1,21924.380951068677,8.715731808194032,16668.819955242503
27,46.34,0,16668.819955242503,22390.73610567076,48.82,42.24,21387.826007843618,8.36901769282641,18634.85150309536
28,52.56,0,18634.85150309536,23674.23784007342,46.34,47.57,20135.325639610128,8.447299371198532,14906.735262438982
29,47.41,0,14906.735262438982,23230.28145500052,52.56,59.49,20147.76412076552,7.245727148102257,23317.350823088276
30,47.66,0,23317.350823088276,22710.01018477382,47.41,60.53,19531.626770310395,4.690273116221031,18397.048731587936
31,46.49,0,18397.048731587936,20916.57197917697,47.66,40.12,19642.98554436657,3.8949491102468294,21696.08339757019
32,46.98,0,21696.08339757019,23880.00913754274,46.49,39.55,18901.718376878074,2.160098101825008,18691.13896512328
33,51.22,0,18691.13896512328,16668.819955242503,46.98,48.82,19564.47722885836,2.4728863028151786,21308.13191910449
34,47.45,0,21308.13191910449,18634.85150309536,51.22,46.34,19842.532518778135,2.352951540590082,20581.238532533785
35,48.0,0,20581.238532533785,14906.735262438982,47.45,52.56,20556.74456435707,1.5473602714002856,19906.219581491547
36,42.96,0,19906.219581491547,23317.350823088276,48.0,47.41,20125.232066787485,2.4353673820798205,20296.76334010116
37,57.56,0,20296.76334010116,18397.048731587936,42.96,47.66,21203.133364268782,4.6131040061343604,25942.357813957027
38,51.06,0,25942.357813957027,21696.08339757019,57.56,46.49,20026.404552936154,4.577111274486569,13458.981718241786
39,48.34,0,13458.981718241786,18691.13896512328,51.06,46.98,19366.14750731225,4.489323313096116,14069.339645755972
40,52.91,0,14069.339645755972,21308.13191910449,48.34,51.22,20061.108775024706,4.63936725981174,26172.86079309165
41,51.535,0,26172.86079309165,20581.238532533785,52.91,47.45,20659.83664966151,4.557405929858393,24772.33365499142
42,50.16,0,24772.33365499142,19906.219581491547,51.535,48.0,21442.01316246812,4.4444578918430135,25381.455171137823
43,63.62,0,25381.455171137823,20296.76334010116,50.16,42.96,21913.032733955857,5.272176856812472,23593.90034051533
44,51.66,0,23593.90034051533,25942.357813957027,63.62,57.56,20963.43218573096,4.99764861376345,19295.15397638274
45,49.38,0,19295.15397638274,13458.981718241786,51.66,51.06,21849.94051988106,5.131168645313822,19664.54005729249
46,52.66,0,19664.54005729249,14069.339645755972,49.38,48.34,22425.888718765753,4.7940534842144755,18100.977037948807
47,50.78,0,18100.977037948807,26172.86079309165,52.66,52.91,21668.535889388968,4.877376221854215,20871.390987454168
48,36.52,0,20871.390987454168,24772.33365499142,50.78,51.535,21053.269324765777,7.90358929914178,20465.4677026291
49,44.265,0,20465.4677026291,25381.455171137823,36.52,50.16,19894.38982178589,8.273969436617453,17269.298650278604
50,52.01,0,17269.298650278604,23593.90034051533,44.265,63.62,19137.040793252894,5.864192084977095,18292.457140784343
51,41.88,0,18292.457140784343,19295.15397638274,52.01,51.66,19619.320271263394,6.059289699845238,22671.11032245624
52,53.68,0,22671.11032245624,19664.54005729249,41.88,49.38,20285.120613856223,6.563224835252811,24325.14245544231
53,64.74,0,24325.14245544231,18100.977037948807,53.68,52.66,20914.60540707938,9.225274611991289,22507.37059051089
54,35.22,0,22507.37059051089,20871.390987454168,64.74,50.78,20448.42885657257,10.540845102560535,17608.1551339065
55,42.14,0,17608.1551339065,20465.4677026291,35.22,36.52,20051.42113560053,9.806745552593757,17686.413655824817
56,48.06,0,17686.413655824817,17269.298650278604,42.14,44.265,20872.371623103052,9.689070671440819,23015.95206279627
57,55.72,0,23015.95206279627,18292.457140784343,48.06,52.01,20958.529372197623,10.024858626243802,18895.561384446315
58,45.44,0,18895.561384446315,22671.11032245624,55.72,41.88,20414.660452060052,9.701736712469557,18864.027881493254
59,49.89,0,18864.027881493254,24325.14245544231,45.44,53.68,19388.718913493267,9.519677615588995,17143.551685474813
60,40.815,0,17143.551685474813,22507.37059051089,49.89,64.74,18975.4132009738,6.695571119705274,19614.230602874617
61,31.74,0,19614.230602874617,17608.1551339065,40.815,35.22,19249.2308371818,7.634408091315629,19524.8785873625
62,50.42,0,19524.8785873625,17686.413655824817,31.74,42.14,20137.133448048105,7.788184350423038,23901.73193188897
63,41.65,0,23901.73193188897,23015.95206279627,50.42,48.06,18490.70084481153,7.883524335750137,11490.92384014025
64,68.17,0,11490.92384014025,18895.561384446315,41.65,55.72,19124.701916439175,11.330533600261315,23333.568885839843
65,45.0,0,23333.568885839843,18864.027881493254,68.17,45.44,19159.167292691982,11.341036790178157,19105.2855152629
66,53.5,0,19105.2855152629,17143.551685474813,45.0,49.89,19572.15054099142,11.583804735182703,20034.43442357086
67,59.02,0,20034.43442357086,19614.230602874617,53.5,40.815,20541.173975340225,11.916725540979455,26397.39464331623
68,44.2,0,26397.39464331623,19524.8785873625,59.02,31.74,21089.385593090494,9.415091482244469,23362.3599116144
69,63.66,0,23362.3599116144,23901.73193188897,44.2,50.42,20747.83493122512,10.392283996631908,21510.87729883136
70,66.71,0,21510.87729883136,11490.92384014025,63.66,41.65,22095.674065975927,9.894040293697964,20925.797783395883
71,55.28,0,20925.797783395883,23333.568885839843,66.71,68.17,21187.100719565682,8.625988694194204,16973.555460968146
72,42.29,0,16973.555460968146,19105.2855152629,55.28,45.0,21538.403225675032,9.20847513357665,21564.40305802836
73,41.61,0,21564.40305802836,20034.43442357086,42.29,53.5,22160.942717023754,10.52352240504617,24392.2108630119
74,36.63,0,24392.2108630119,26397.39464331623,41.61,59.02,20879.30920750202,11.803322776718977,17425.9600766641
75,56.49,0,17425.9600766641,23362.3599116144,36.63,44.2,20366.716861220546,11.700987137843741,19774.21348764408
76,49.75,0,19774.21348764408,21510.87729883136,56.49,63.66,19833.289678015728,10.469467853852054,17776.887016397617
77,58.83,0,17776.887016397617,20925.797783395883,49.75,66.71,19538.328219932817,8.609500013135182,18861.0675768155
78,30.89,0,18861.0675768155,16973.555460968146,58.83,55.28,20110.44656723434,10.27553358595913,20978.38389207879
79,50.03,0,20978.38389207879,21564.40305802836,30.89,42.29,19754.000430703545,10.324913927923633,19069.280102312838
80,37.31,0,19069.280102312838,24392.2108630119,50.03,41.61,18878.033513862207,10.770061679090436,18260.442445122502
81,62.29,0,18260.442445122502,17425.9600766641,37.31,36.63,19401.51836163102,11.508304248091942,21090.354011045823
82,54.51,0,21090.354011045823,19774.21348764408,62.29,56.49,18191.724141882412,11.327043913109373,11305.653949403812
83,53.19,0,11305.653949403812,17776.887016397617,54.51,49.75,18660.318463060168,11.43470656753809,21057.04726464192
84,46.77,0,21057.04726464192,18861.0675768155,53.19,58.83,19073.824858480977,10.692961637049516,21755.612344761164
85,35.44,0,21755.612344761164,20978.38389207879,46.77,30.89,19564.515037601017,9.568991338593607,24413.215145919046
86,46.42,0,24413.215145919046,19069.280102312838,35.44,50.03,19508.360910796528,9.570428412562528,18676.20121468143
87,57.4,0,18676.20121468143,18260.442445122502,46.42,37.31,18071.61738257847,8.816518587287428,8203.237747596095
88,50.43,0,8203.237747596095,21090.354011045823,57.4,62.29,18234.19193849786,7.255248346639344,22228.375902481566
89,33.71,0,22228.375902481566,11305.653949403812,50.43,54.51,19773.094434481936,8.79719435794233,22077.97142129234
90,49.93,0,22077.97142129234,21057.04726464192,33.71,53.19,19878.389377619893,8.444338198996492,21794.111866607604
91,48.08,0,21794.111866607604,21755.612344761164,49.93,46.77,19886.880457193183,8.485679813942172,21815.04990177421
92,40.03,0,21815.04990177421,24413.215145919046,48.08,35.44,19420.990798287407,7.68040673526028,21151.98753357859
93,49.42,0,21151.98753357859,18676.20121468143,40.03,46.42,20407.73434145282,7.753897944473945,25583.406016839326
94,48.83,0,25583.406016839326,8203.237747596095,49.42,57.4,22619.78545320055,6.395758639239937,23687.59552983022
95,48.02,0,23687.59552983022,22228.375902481566,48.83,50.43,22561.91207708287,6.164131267721182,21823.262269657796
96,52.93,0,21823.262269657796,22077.97142129234,48.02,33.71,22346.369296765875,3.959022245812888,20569.171959073366
97,34.31,1,20569.171959073366,21794.111866607604,52.93,49.93,22375.013433081785,6.43445635399078,21994.62082081897
98,52.54,0,21994.62082081897,21815.04990177421,34.31,48.08,22297.95770013784,6.885989917422259,21275.6597711666
99,64.34,0,21275.6597711666,21151.98753357859,52.54,40.03,21763.096119611582,8.873670524163785,17407.956469894805
100,47.82,1,17407.956469894805,25583.406016839326,64.34,49.42,21273.385393689063,8.913292908694016,22155.430935381657
101,48.6,0,22155.430935381657,23687.59552983022,47.82,48.83,20852.009131924115,8.918003994060543,20737.961697475625
102,39.97,0,20737.961697475625,21823.262269657796,48.6,48.02,20309.71713614705,9.672088463102451,18027.21829921832
103,54.95,0,18027.21829921832,20569.171959073366,39.97,52.93,21204.553714266924,9.84976770332723,26833.028005912485
104,51.51,0,26833.028005912485,21994.62082081897,54.95,34.31,21060.619500034514,7.446010117281037,20987.081321192105
105,56.68,0,20987.081321192105,21275.6597711666,51.51,52.54,20731.700866350573,7.712235794655528,18973.229335379016
106,52.72,0,18973.229335379016,17407.956469894805,56.68,64.34,21202.959235704096,5.558679185355001,20706.765055369484
107,39.88,0,20706.765055369484,22155.430935381657,52.72,47.82,20930.14594913448,6.820966975156446,20245.737929394305
108,48.06,0,20245.737929394305,20737.961697475625,39.88,48.6,20695.083846565994,6.8317591682756,19092.52697949626
109,50.29,0,19092.52697949626,18027.21829921832,48.06,39.97,21183.37539420586,5.517785960396309,21445.259132697367
110,42.54,0,21445.259132697367,26833.028005912485,50.29,54.95,19981.717632613403,5.864095351006716,18421.423674765272
111,44.78,0,18421.423674765272,20987.081321192105,42.54,51.51,19621.666209721046,5.89951127919232,18466.72136094565
112,38.98,0,18466.72136094565,18973.229335379016,44.78,56.68,19797.55343935049,5.240510244149047,20204.43994278509
113,49.4,0,20204.43994278509,20706.765055369484,38.98,52.72,19647.3513116498,4.566160729705776,19655.350161464645
114,35.78,0,19655.350161464645,20245.737929394305,49.4,39.88,19489.486322712386,5.480846736806659,19140.683006832427
115,49.01,1,19140.683006832427,19092.52697949626,35.78,48.06,19025.15562457835,5.601025841412781,15842.21209255798
116,35.51,0,15842.21209255798,21445.259132697367,49.01,50.29,18258.1506819304,5.791913492512183,16076.224534161744
117,41.2,0,16076.224534161744,18421.423674765272,35.51,42.54,17984.1826310262,5.8042394194311075,16503.64731843588
118,50.11,0,16503.64731843588,18466.72136094565,41.2,44.78,18880.463208918576,6.520677002536735,24740.685406192268
119,70.1,0,24740.685406192268,20204.43994278509,50.11,38.98,18094.097138920075,11.860260576916716,14699.877452795588
120,52.53,0,14699.877452795588,19655.350161464645,70.1,49.4,17717.97348620963,12.010613956789703,17022.484592491543
121,37.78,0,17022.484592491543,19140.683006832427,52.53,35.78,16825.19944164573,11.698172018371615,12891.264694885123
122,47.19,0,12891.264694885123,15842.21209255798,37.78,49.01,17278.633393298893,11.693096050151953,19016.249754130116
123,57.99,0,19016.249754130116,16076.224534161744,47.19,35.51,19495.67590150057,10.817625828776539,31595.52209157348
124,54.73,0,31595.52209157348,16503.64731843588,57.99,41.2,19500.473544016113,9.951834719573043,16537.2308160447
125,50.16,0,16537.2308160447,24740.685406192268,54.73,50.11,18653.214258294105,9.949500585695096,18809.870406138198
126,45.59,0,18809.870406138198,14699.877452795588,50.16,70.1,19476.227147044334,6.6707317368296515,20460.9676740472
127,65.63,0,20460.9676740472,17022.484592491543,45.59,52.53,19783.74474964153,9.08713349951898,19175.10781067187
128,44.41,0,19175.10781067187,12891.264694885123,65.63,37.78,20710.88849777022,7.680222901030207,19381.270931785977
129,64.14,0,19381.270931785977,19016.249754130116,44.41,47.19,20993.845919553034,8.454607929293992,20996.95170660981
130,57.61,0,20996.95170660981,31595.52209157348,64.14,57.99,19642.469169267042,8.430881725338832,22135.88483957154
131,50.7,0,22135.88483957154,16537.2308160447,57.61,54.73,20778.364912528537,8.557960927585537,24488.50101887516
132,47.35,0,24488.50101887516,18809.870406138198,50.7,50.16,20764.550197599154,8.831513109853212,18713.167401632523
133,60.66,0,18713.167401632523,20460.9676740472,47.35,45.59,20918.84542200056,8.368824802289414,21541.034244857005
134,55.98,0,21541.034244857005,19175.10781067187,60.66,65.63,20999.74097828882,7.188508686983879,19741.376704689745
135,37.82,0,19741.376704689745,19381.270931785977,55.98,44.41,21485.2805288712,8.935270667682497,22780.04778586263
136,49.52,0,22780.04778586263,20996.95170660981,37.82,64.14,21014.11887079395,7.639019819944744,17698.820100069057
137,51.17,0,17698.820100069057,22135.88483957154,49.52,57.61,20511.96053027543,7.134392555981326,18620.776455941923
138,46.2,0,18620.776455941923,24488.50101887516,51.17,50.7,19072.371345776508,7.309454738310719,14411.376727382672
139,69.31,0,14411.376727382672,18713.167401632523,46.2,47.35,19778.608540306384,10.211817384075152,23656.82776334164
140,51.46,0,23656.82776334164,21541.034244857005,69.31,60.66,19025.36587455973,9.629798741900514,16268.335584630448
141,48.43,0,16268.335584630448,19741.376704689745,51.46,55.98,19128.36643460325,9.484024160961365,20462.380624994345
142,42.9,0,20462.380624994345,22780.04778586263,48.43,37.82,18194.93995372213,8.488974922691199,16246.06241969484
143,39.32,0,16246.06241969484,17698.820100069057,42.9,49.52,18839.228234645252,9.639715961038908,22208.83806653089
144,36.48,0,22208.83806653089,18620.776455941923,39.32,51.17,20805.08134033603,10.824814746022135,32381.748195777374
145,49.19,0,32381.748195777374,14411.376727382672,36.48,46.2,22415.897011659217,10.813431242583425,25687.086426645
146,61.9,0,25687.086426645,23656.82776334164,49.19,69.31,22309.714041925596,8.516056822820499,22913.546975206293
147,51.02,0,22913.546975206293,16268.335584630448,61.9,51.46,23429.362017556443,8.48003509651222,24105.87141404636
148,52.57,0,24105.87141404636,20462.380624994345,51.02,48.43,23929.021979492125,8.73416253787844,23960.000358544115
149,54.12,0,23960.000358544115,16246.06241969484,52.57,42.9,25361.151622243866,8.751884422932315,26270.96991895702
150,51.88,0,26270.96991895702,22208.83806653089,54.12,39.32,25347.234582825586,7.592616400787587,22111.41879060292
151,52.18,0,22111.41879060292,32381.748195777374,51.88,36.48,23616.06184246613,4.09305044004436,20263.53901326119
152,38.89,0,20263.53901326119,25687.086426645,52.18,49.19,22766.636071445904,6.77510604380086,19741.1060295034
153,46.85,0,19741.1060295034,22913.546975206293,38.89,61.9,22238.122233498867,5.250005895686819,19213.950109577047
154,55.98,0,19213.950109577047,24105.87141404636,46.85,51.02,21615.25898520407,5.775083590405867,19745.828675982804
155,59.27,0,19745.828675982804,23960.000358544115,55.98,52.57,20201.451979457863,6.687007302721566,14063.35131832066
156,34.95,0,14063.35131832066,26270.96991895702,59.27,54.12,19359.786755082216,8.902728848637656,20379.313348327498
157,63.38,0,20379.313348327498,22111.41879060292,34.95,51.88,19562.037274635582,10.527786815759514,23527.172427476497
158,51.05,0,23527.172427476497,20263.53901326119,63.38,52.18,20014.076318441348,10.501251852811409,23427.812319901543
159,56.3,0,23427.812319901543,19741.1060295034,51.05,38.89,20186.442105852704,9.423145264010943,20947.666541382878
160,42.17,0,20947.666541382878,19213.950109577047,56.3,46.85,20588.941607190507,10.039969170887229,22031.446618941674
161,33.12,0,22031.446618941674,19745.828675982804,42.17,55.98,21194.27855303146,12.00616072015028,23983.187296869488
162,60.44,0,23983.187296869488,14063.35131832066,33.12,59.27,22569.97784599689,12.186161159672398,23693.24636907868
163,46.94,0,23693.24636907868,20379.313348327498,60.44,34.95,22466.35942179398,10.667442456906588,19653.98437890709
164,49.35,0,19653.98437890709,23527.172427476497,46.94,63.38,21544.88928075256,9.033946034395223,17076.88144018653
165,43.81,0,17076.88144018653,23427.812319901543,49.35,51.05,20672.690373689664,9.105031053004401,17322.419970461313
166,34.86,0,17322.419970461313,20947.666541382878,43.81,56.3,20897.68601570415,9.235844767611235,22522.63603548426
167,57.55,0,22522.63603548426,22031.446618941674,34.86,42.17,20703.675769323665,10.379835304684017,20673.37489427828
168,56.25,0,20673.37489427828,23983.187296869488,57.55,33.12,19926.693913080202,8.96557277802594,18544.31430316525
169,49.35,0,18544.31430316525,23693.24636907868,56.25,60.44,19139.444495138596,7.676949108795225,18182.500443487457
170,42.24,0,18182.500443487457,19653.98437890709,49.35,46.94,19694.202773884554,8.01399816986819,23537.292330128774
171,39.38,0,23537.292330128774,17076.88144018653,42.24,49.35,20251.467614752804,8.526908109317562,20977.73532626431
172,63.71,0,20977.73532626431,17322.419970461313,39.38,43.81,21239.803222822182,10.64844813195951,24240.76922694695
173,63.19,0,24240.76922694695,22522.63603548426,63.71,34.86,19853.965671653823,9.698329507604933,12821.773177305717
174,59.48,0,12821.773177305717,20673.37489427828,63.19,57.55,19689.296967813752,9.871945820642436,19520.69396739781
175,42.4,0,19520.69396739781,18544.31430316525,59.48,56.25,20645.3895619304,10.562628641086873,25236.96246198177
176,49.005,0,25236.96246198177,18182.500443487457,42.4,49.35,21743.298751285565,10.57454755308074,25867.86476897364
177,55.61,0,25867.86476897364,23537.292330128774,49.005,42.24,21588.66250437917,9.837996372180312,22454.838601783988
178,57.36,0,22454.838601783988,20977.73532626431,55.61,39.38,21769.91308976214,7.734348635115293,22246.48942394511
179,40.93,0,22246.48942394511,24240.76922694695,57.36,63.71,21701.249544172442,8.605675383693544,23760.124407819072
180,60.01,0,23760.124407819072,12821.773177305717,40.93,63.19,22851.112886325565,8.015161006016415,20870.81657237756
181,34.49,0,20870.81657237756,19520.69396739781,60.01,59.48,23575.488377693157,9.596601270885712,24591.322406970943
182,46.79,0,24591.322406970943,25236.96246198177,34.49,42.4,23131.74282115607,9.26594950547863,22130.743566222176
183,40.82,0,22130.743566222176,25867.86476897364,46.79,49.005,22581.858669492514,9.791861294924056,22018.675707328784
184,43.28,0,22018.675707328784,22454.838601783988,40.82,55.61,21589.870909833295,9.29127188996841,15510.924284169416
185,62.05,0,15510.924284169416,22246.48942394511,43.28,57.36,21906.579041088735,10.337035358359955,24463.44634273321
186,43.43,0,24463.44634273321,23760.124407819072,62.05,40.93,21728.836152555767,10.137249321660576,22515.924188088266
187,48.82,0,22515.924188088266,20870.81657237756,43.43,60.01,21828.359262357706,8.551080689150618,21567.47834099116
188,53.89,0,21567.47834099116,24591.322406970943,48.82,34.49,21510.613852682698,7.389086547062792,22367.10453924588
189,58.55,0,22367.10453924588,22130.743566222176,53.89,46.79,21418.215245384225,8.239381044713536,21483.95331513284
190,57.21,0,21483.95331513284,22018.675707328784,58.55,40.82,21078.67805127666,7.4467720715555386,19641.91534857585
191,62.83,0,19641.91534857585,15510.924284169416,57.21,43.28,22180.69337650827,7.086780785712781,23225.031560790678
192,45.41,0,23225.031560790678,24463.44634273321,62.83,62.05,20460.70178181654,7.216963152382207,12423.505179891086
193,53.02,0,12423.505179891086,22515.924188088266,45.41,43.43,20040.08014159052,5.918064757686942,19571.57270650613
194,54.22,0,19571.57270650613,21567.47834099116,53.02,48.82,20830.855474807973,5.424052693239027,27102.90567351337
195,43.86,0,27102.90567351337,22367.10453924588,54.22,53.89,21091.259055153736,6.89674526411414,24189.929601666216
196,37.15,0,24189.929601666216,21483.95331513284,43.86,58.55,20867.75608910011,8.807726586300943,19919.43255275743
197,55.56,0,19919.43255275743,19641.91534857585,37.15,57.21,21162.28364852539,8.6191757422723,21703.60826455281
198,46.375,0,21703.60826455281,23225.031560790678,55.56,62.83,20518.92597721739,6.648681484036869,18721.527861634688
199,37.19,0,18721.527861634688,12423.505179891086,46.375,45.41,21667.583980212657,7.797157525417479,20464.11120085797
200,48.41,0,20464.11120085797,19571.57270650613,37.19,53.02,21893.46014892575,7.363709679100543,21152.70588749779
201,39.92,0,21152.70588749779,27102.90567351337,48.41,54.22,20665.20000464833,6.691487573952764,18505.08466357141
202,48.97,0,18505.08466357141,24189.929601666216,39.92,43.86,19343.749222851096,6.939357988005645,14939.774129085576
203,65.19,0,14939.774129085576,19919.43255275743,48.97,37.15,19534.358327702015,9.434314962386415,21253.69628671387
204,44.29,0,21253.69628671387,21703.60826455281,65.19,55.56,18937.105756633035,9.042343841219552,17522.840267069932
205,34.23,0,17522.840267069932,18721.527861634688,44.29,46.375,19174.698636512767,10.302602768694298,20384.678020792817
206,45.69,0,20384.678020792817,20464.11120085797,34.23,37.19,18723.28213766069,9.64580120842042,17304.195708893443
207,64.95,0,17304.195708893443,21152.70588749779,45.69,48.41,17956.530079557222,11.904136335944173,15785.44148077352
208,41.2,0,15785.44148077352,18505.08466357141,64.95,39.92,17997.550182316325,11.749627957635154,18792.225382885103
209,58.43,0,18792.225382885103,14939.774129085576,41.2,48.97,18697.178498774036,12.249855004000352,19837.172344289567
210,53.36,0,19837.172344289567,21253.69628671387,58.43,65.19,18559.74523204242,10.601626335254672,20291.66341959256
211,49.78,0,20291.66341959256,17522.840267069932,53.36,44.29,19187.00253081669,10.406878677562664,21913.64135848985
212,41.05,0,21913.64135848985,20384.678020792817,49.78,34.23,19472.362497083628,8.93665059233652,22382.19778466136
213,46.73,0,22382.19778466136,17304.195708893443,41.05,45.69,18986.25288453422,8.848911151741408,13901.428421047583
214,49.8,0,13901.428421047583,15785.44148077352,46.73,64.95,19951.761796762472,6.289873948315547,22544.00386637129
215,46.27,0,22544.00386637129,18792.225382885103,49.8,41.2,20430.818230066714,5.5400747803087524,22145.6204160148
216,43.96,0,22145.6204160148,19837.172344289567,46.27,58.43,20475.309281558923,4.097248786567837,20148.609704735
217,55.59,0,20148.609704735,20291.66341959256,43.96,53.36,20608.048808667812,4.692375781645642,21220.8401093548
218,35.71,0,21220.8401093548,21913.64135848985,55.59,49.78,20008.789290622866,6.329414702496122,17718.824732175224
219,64.89,0,17718.824732175224,22382.19778466136,35.71,41.05,19350.147355124638,9.230306449021155,17771.704236173755
220,54.37,0,17771.704236173755,13901.428421047583,64.89,46.73,20273.06819598183,9.368795470678887,20361.87430704796
221,46.15,0,20361.87430704796,22544.00386637129,54.37,49.8,19866.695008375093,9.48806744334737,19699.39155312412
222,57.34,0,19699.39155312412,22145.6204160148,46.15,46.27,19002.616043317183,9.7662272776175,16097.067660609417
223,34.78,0,16097.067660609417,20148.609704735,57.34,43.96,19231.019849923305,11.375501035537221,21747.43635097787
224,48.67,0,21747.43635097787,21220.8401093548,34.78,55.59,18835.880550265083,11.088874089438157,18454.865011747253
225,52.02,0,18454.865011747253,17718.824732175224,48.67,35.71,19916.27724713265,9.463545595498555,25281.601610248166
226,35.25,0,25281.601610248166,17771.704236173755,52.02,64.89,20273.08402968779,8.919174102272619,20269.351714059736
227,54.7,0,20269.351714059736,20361.87430704796,35.25,54.37,20629.16539708106,8.96574167648766,22854.443878800856
228,53.34,0,22854.443878800856,19699.39155312412,54.7,46.15,19614.77444455374,9.260849235972517,12598.65488543288
229,51.5,0,12598.65488543288,16097.067660609417,53.34,57.34,21074.503331008622,8.513606756245204,26315.169865793567
230,50.94,0,26315.169865793567,21747.43635097787,51.5,34.78,21061.290652887827,6.556931265388721,21654.947604132307
231,52.1,0,21654.947604132307,18454.865011747253,50.94,48.67,21395.285658820776,6.6134822611867845,20792.83005327794
232,43.07,0,20792.83005327794,25281.601610248166,52.1,52.02,20635.127898894883,7.006504121170866,19960.497290766907
233,45.31,0,19960.497290766907,20269.351714059736,43.07,35.25,21681.427291271633,4.294930012178136,27593.447460696992
234,70.83,0,27593.447460696992,22854.443878800856,45.31,54.7,21834.12134367097,8.952514411365081,23923.302245596195
235,61.57,0,23923.302245596195,12598.65488543288,70.83,53.34,23371.93016106735,9.606702025643829,23363.316607207555
236,46.47,0,23363.316607207555,26315.169865793567,61.57,51.5,22147.66728888415,9.972606527501537,17745.32976051118
237,45.54,0,17745.32976051118,21654.947604132307,46.47,50.94,22042.402802915214,10.351039745335196,20918.096202349727
238,40.39,0,20918.096202349727,20792.83005327794,45.54,52.1,22100.179305545782,11.262287892405046,21197.26557169194
239,68.89,0,21197.26557169194,19960.497290766907,40.39,43.07,22731.28805668919,12.5906297357536,24378.258548770733
240,59.65,0,24378.258548770733,27593.447460696992,68.89,45.31,21566.376286413386,12.06977275203226,19439.0650687664
241,58.07,0,19439.0650687664,23923.302245596195,59.65,70.83,21117.67238084818,10.328424256343911,20782.374906639743
242,53.0,0,20782.374906639743,23363.316607207555,58.07,61.57,20314.314433585132,9.828346515975136,17739.810976366196
243,40.14,0,17739.810976366196,17745.32976051118,53.0,46.47,21043.3020266577,10.78903455674565,22848.242912019163
244,59.53,0,22848.242912019163,20918.096202349727,40.14,45.54,20633.803934477208,10.635739166556936,18051.60955708627
245,36.91,0,18051.60955708627,21197.26557169194,59.53,40.39,20481.317130120973,11.441737089228766,20129.85794119831
246,56.78,0,20129.85794119831,24378.258548770733,36.91,68.89,19328.28251850901,9.524385244502628,16307.016267487004
247,46.66,0,16307.016267487004,19439.0650687664,56.78,59.65,19404.357761877494,9.041273614453509,19971.59177234576
248,54.3,0,19971.59177234576,20782.374906639743,46.66,58.07,18992.2097197709,8.59240500730199,17897.338611893603
249,49.34,0,17897.338611893603,17739.810976366196,54.3,53.0,19441.341999277334,8.462623425278926,20883.73693291124
250,67.28,0,20883.73693291124,22848.242912019163,49.34,40.14,18641.65954113864,9.789546173633367,17250.4657050483
251,47.41,0,17250.4657050483,18051.60955708627,67.28,59.53,19232.945329319507,9.503867633757583,22190.61007435232
252,68.38,0,22190.61007435232,20129.85794119831,47.41,36.91,20123.502216125435,9.026734103285346,26363.756148839813
253,47.6,0,26363.756148839813,16307.016267487004,68.38,56.78,20615.985735088838,9.503963834706777,19754.400900230823
254,44.53,0,19754.400900230823,19971.59177234576,47.6,46.66,20276.743143568685,9.822733835342667,17596.8936317047
255,51.78,0,17596.8936317047,17897.338611893603,44.53,54.3,20408.546357089104,9.861140907622483,18819.961106536524
256,55.195,0,18819.961106536524,20883.73693291124,51.78,49.34,20269.349637231564,9.670213163060753,19909.35989390845
257,58.61,0,19909.35989390845,17250.4657050483,55.195,67.28,20759.358941403832,8.221673520407869,20680.530834254198
258,42.4,0,20680.530834254198,22190.61007435232,58.61,47.41,19308.068706869435,9.006362499709619,12031.578432611544
259,43.22,0,12031.578432611544,26363.756148839813,42.4,68.38,17543.712477633202,6.289565338148682,14013.262544186186
260,58.33,0,14013.262544186186,19754.400900230823,43.22,47.6,18270.13386699266,7.129353891114294,24839.350625747014
261,40.52,0,24839.350625747014,17596.8936317047,58.33,44.53,19156.83770152982,7.823850212193586,23803.82047346482
262,45.54,0,23803.82047346482,18819.961106536524,40.52,51.78,18559.5770324408,7.942864048043282,14639.13642291338
263,47.29,0,14639.13642291338,19909.35989390845,45.54,55.195,18529.207440678758,7.4832517759889035,19696.77275157416
264,40.58,0,19696.77275157416,20680.530834254198,47.29,58.61,18682.037354710385,6.212552960393782,21750.340232475595
265,41.76,0,21750.340232475595,12031.578432611544,40.58,42.4,20082.91999572145,6.268713318269539,21837.756919689004
266,46.585,0,21837.756919689004,14013.262544186186,41.76,43.22,21145.7488879913,6.209578909884196,21453.06479007513
267,51.41,0,21453.06479007513,24839.350625747014,46.585,58.33,20429.17048629405,4.061883652876693,19823.30181386626
268,48.6,0,19823.30181386626,23803.82047346482,51.41,40.52,19588.385869411362,3.776950615558056,17918.328155286003
269,56.48,0,17918.328155286003,14639.13642291338,48.6,45.54,20945.958510130607,5.459667594101228,24142.144907948077
270,40.74,0,24142.144907948077,19696.77275157416,56.48,47.29,20806.149177254305,6.038156944440735,18718.10742144008
271,56.6,0,18718.10742144008,21750.340232475595,40.74,40.58,20586.18494386215,6.403888048899775,20210.59059873052
272,35.13,0,20210.59059873052,21837.756919689004,56.6,41.76,20470.666810631355,7.939097870664145,21029.129987073426
273,49.13,0,21029.129987073426,21453.06479007513,35.13,46.585,20610.978511860583,7.9252327590865335,22435.2466986797
274,49.42,0,22435.2466986797,19823.30181386626,49.13,51.41,20384.29731969132,7.830142308503246,18236.53346868143
275,54.21,0,18236.53346868143,17918.328155286003,49.42,48.6,21180.856437171617,8.17939047676615,23494.24197764809
