date,claims_count,total_payout,target
2023-05-04 22:31:23.710312,23,3931.1497766083653,0
2023-05-05 22:31:23.710312,15,1688.3147944628483,0
2023-05-06 22:31:23.710312,21,5360.945253563919,1
2023-05-07 22:31:23.710312,25,4103.818806185943,0
2023-05-08 22:31:23.710312,15,2814.3603524193095,0
2023-05-09 22:31:23.710312,17,2190.218390012319,0
2023-05-10 22:31:23.710312,19,6278.450000548867,1
2023-05-11 22:31:23.710312,21,3617.312991417168,0
2023-05-12 22:31:23.710312,17,5119.922430474475,1
2023-05-13 22:31:23.710312,19,2373.213944874371,0
2023-05-14 22:31:23.710312,16,2215.4610134839704,0
2023-05-15 22:31:23.710312,21,4016.277347565115,0
2023-05-16 22:31:23.710312,21,2122.250898296079,0
2023-05-17 22:31:23.710312,17,2516.090438886864,0
2023-05-18 22:31:23.710312,22,6384.70434548837,1
2023-05-19 22:31:23.710312,14,2542.5305589429536,0
2023-05-20 22:31:23.710312,17,1758.322521750567,0
2023-05-21 22:31:23.710312,17,1597.912550255548,0
2023-05-22 22:31:23.710312,21,1692.077549195015,0
2023-05-23 22:31:23.710312,21,5200.15214688772,1
2023-05-24 22:31:23.710312,13,2358.557334289931,0
2023-05-25 22:31:23.710312,18,8931.86361793544,1
2023-05-26 22:31:23.710312,25,5849.325924669449,1
2023-05-27 22:31:23.710312,17,7116.491231635151,1
2023-05-28 22:31:23.710312,24,4648.898323317049,1
2023-05-29 22:31:23.710312,23,3827.2333845294324,0
2023-05-30 22:31:23.710312,24,2083.177214894527,0
2023-05-31 22:31:23.710312,18,2920.345250941471,0
2023-06-01 22:31:23.710312,26,3987.6604090360497,0
2023-06-02 22:31:23.710312,18,4472.310838895617,1
2023-06-03 22:31:23.710312,17,1820.123910858002,0
2023-06-04 22:31:23.710312,23,2656.899688716153,0
2023-06-05 22:31:23.710312,26,2782.44823573931,0
2023-06-06 22:31:23.710312,14,2726.88052611842,0
2023-06-07 22:31:23.710312,24,1867.9568342597777,0
2023-06-08 22:31:23.710312,24,6585.8261183706645,1
2023-06-09 22:31:23.710312,20,2579.895991844996,0
2023-06-10 22:31:23.710312,17,1890.3964892231306,0
2023-06-11 22:31:23.710312,27,6648.377761050581,1
2023-06-12 22:31:23.710312,19,5722.99899148759,1
2023-06-13 22:31:23.710312,16,3011.8000877889563,0
2023-06-14 22:31:23.710312,17,2282.8653800017664,0
2023-06-15 22:31:23.710312,28,1479.3758499704322,0
2023-06-16 22:31:23.710312,24,3553.369411066967,0
2023-06-17 22:31:23.710312,27,2192.717265379355,0
2023-06-18 22:31:23.710312,17,2746.549671163426,0
2023-06-19 22:31:23.710312,16,6268.0464473765605,1
2023-06-20 22:31:23.710312,19,2102.171575357376,0
2023-06-21 22:31:23.710312,14,3437.9400000798632,0
2023-06-22 22:31:23.710312,29,3945.6002571340277,0
2023-06-23 22:31:23.710312,20,4878.3062726095795,1
2023-06-24 22:31:23.710312,32,2605.0571900730574,0
2023-06-25 22:31:23.710312,20,2473.139763592262,0
2023-06-26 22:31:23.710312,17,2438.316343094986,0
2023-06-27 22:31:23.710312,21,3226.034893121202,0
2023-06-28 22:31:23.710312,10,5461.947970716699,1
2023-06-29 22:31:23.710312,27,2362.089628231107,0
2023-06-30 22:31:23.710312,14,1100.1432609035942,0
2023-07-01 22:31:23.710312,22,4092.6014082649212,1
2023-07-02 22:31:23.710312,16,2750.352355941165,0
2023-07-03 22:31:23.710312,18,3412.503306785463,0
2023-07-04 22:31:23.710312,22,1332.318783381474,0
2023-07-05 22:31:23.710312,13,2042.6066344803173,0
2023-07-06 22:31:23.710312,17,3878.025171700674,1
2023-07-07 22:31:23.710312,22,1467.9200325885636,0
2023-07-08 22:31:23.710312,20,3288.4258519371742,0
2023-07-09 22:31:23.710312,22,2556.70176165951,0
2023-07-10 22:31:23.710312,23,1813.9160124181221,0
2023-07-11 22:31:23.710312,29,1742.8074538449623,0
2023-07-12 22:31:23.710312,18,1579.2555510776947,0
2023-07-13 22:31:23.710312,17,2649.233432112217,0
2023-07-14 22:31:23.710312,25,2798.226069673171,0
2023-07-15 22:31:23.710312,20,2121.1676404720165,0
2023-07-16 22:31:23.710312,27,1506.8345851956412,0
2023-07-17 22:31:23.710312,18,3164.345306988074,0
2023-07-18 22:31:23.710312,26,3987.0818800267025,1
2023-07-19 22:31:23.710312,22,3452.2283644690156,1
2023-07-20 22:31:23.710312,21,6827.302534429212,1
2023-07-21 22:31:23.710312,13,2276.8189843737946,0
2023-07-22 22:31:23.710312,21,4973.472867791601,1
2023-07-23 22:31:23.710312,22,1783.2307319300867,0
2023-07-24 22:31:23.710312,23,1644.318674520851,0
2023-07-25 22:31:23.710312,18,2633.307185300553,0
2023-07-26 22:31:23.710312,22,5562.330468498733,1
2023-07-27 22:31:23.710312,22,2105.1114913498377,0
2023-07-28 22:31:23.710312,13,1133.2742786967247,0
2023-07-29 22:31:23.710312,17,3858.5226888980496,1
2023-07-30 22:31:23.710312,27,2332.605537419886,0
2023-07-31 22:31:23.710312,24,2839.7347362811493,0
2023-08-01 22:31:23.710312,21,1621.6942929679258,0
2023-08-02 22:31:23.710312,15,2559.185363824831,0
2023-08-03 22:31:23.710312,17,1148.6833664338578,0
2023-08-04 22:31:23.710312,22,6170.807592386527,1
2023-08-05 22:31:23.710312,27,4206.18710837447,1
2023-08-06 22:31:23.710312,17,2468.925373509959,0
2023-08-07 22:31:23.710312,25,3733.899294839399,1
2023-08-08 22:31:23.710312,15,1665.441078425687,0
2023-08-09 22:31:23.710312,29,4073.649904348571,1
2023-08-10 22:31:23.710312,21,1956.3739420412753,0
2023-08-11 22:31:23.710312,14,1876.9552965181078,0
2023-08-12 22:31:23.710312,26,1385.11984556567,0
2023-08-13 22:31:23.710312,23,2941.491437040114,0
2023-08-14 22:31:23.710312,18,2357.7430809772604,0
2023-08-15 22:31:23.710312,20,4888.785420743926,1
2023-08-16 22:31:23.710312,24,1284.1566181757316,0
2023-08-17 22:31:23.710312,23,2924.17340784594,0
2023-08-18 22:31:23.710312,26,4352.785815829871,1
2023-08-19 22:31:23.710312,18,2559.810516054081,0
2023-08-20 22:31:23.710312,21,1874.7092898545925,0
2023-08-21 22:31:23.710312,19,2511.801400057011,0
2023-08-22 22:31:23.710312,17,4624.547125238389,1
2023-08-23 22:31:23.710312,7,4618.045570440989,1
2023-08-24 22:31:23.710312,25,2120.7489288187116,0
2023-08-25 22:31:23.710312,14,4561.164149481117,1
2023-08-26 22:31:23.710312,24,2229.0490724700076,0
2023-08-27 22:31:23.710312,22,3591.3143250924168,1
2023-08-28 22:31:23.710312,20,3058.861682336458,0
2023-08-29 22:31:23.710312,20,1787.7177832753282,0
2023-08-30 22:31:23.710312,24,1309.77703895065,0
2023-08-31 22:31:23.710312,19,4351.99673928393,1
2023-09-01 22:31:23.710312,25,5067.302951726586,1
2023-09-02 22:31:23.710312,19,2804.0944591281777,0
2023-09-03 22:31:23.710312,15,2191.5963479038883,0
2023-09-04 22:31:23.710312,21,1112.969889229204,0
2023-09-05 22:31:23.710312,22,4266.533222817704,1
2023-09-06 22:31:23.710312,30,2604.4903164442303,0
2023-09-07 22:31:23.710312,21,1895.4760087194868,0
2023-09-08 22:31:23.710312,19,3601.39054815169,1
2023-09-09 22:31:23.710312,18,997.5831187027918,0
2023-09-10 22:31:23.710312,10,1211.6407686940458,0
2023-09-11 22:31:23.710312,25,1464.502629053136,0
2023-09-12 22:31:23.710312,20,2947.865563020651,0
2023-09-13 22:31:23.710312,20,2432.5812734313713,0
2023-09-14 22:31:23.710312,15,3148.3561336417342,0
2023-09-15 22:31:23.710312,19,4067.229465441168,1
2023-09-16 22:31:23.710312,22,3210.5001546229914,0
2023-09-17 22:31:23.710312,18,6033.267950685598,1
2023-09-18 22:31:23.710312,20,4055.3658118665776,1
2023-09-19 22:31:23.710312,22,2026.2288999061593,0
2023-09-20 22:31:23.710312,12,1575.2218855603371,0
2023-09-21 22:31:23.710312,29,2059.525430451047,0
2023-09-22 22:31:23.710312,18,3266.2444490474463,0
2023-09-23 22:31:23.710312,19,1669.745889471054,0
2023-09-24 22:31:23.710312,29,3317.3548515523894,1
2023-09-25 22:31:23.710312,15,3096.4609471451904,0
2023-09-26 22:31:23.710312,13,1228.8896677055054,0
2023-09-27 22:31:23.710312,13,3999.56746759411,1
2023-09-28 22:31:23.710312,12,2687.7807920644022,0
2023-09-29 22:31:23.710312,25,5844.472909327435,1
2023-09-30 22:31:23.710312,25,2141.763230869135,0
2023-10-01 22:31:23.710312,14,1805.1077179481567,0
2023-10-02 22:31:23.710312,23,1143.0049985170303,0
2023-10-03 22:31:23.710312,17,1133.652788616309,0
2023-10-04 22:31:23.710312,23,3719.939885274979,1
2023-10-05 22:31:23.710312,18,5495.4002198500475,1
2023-10-06 22:31:23.710312,18,2037.4676627612707,0
2023-10-07 22:31:23.710312,26,1960.9720264044881,0
2023-10-08 22:31:23.710312,23,2262.638146439152,0
2023-10-09 22:31:23.710312,20,4166.663980771506,1
2023-10-10 22:31:23.710312,18,1239.5659354600575,0
2023-10-11 22:31:23.710312,27,2501.491278412625,0
2023-10-12 22:31:23.710312,30,3778.5982543731598,1
2023-10-13 22:31:23.710312,22,2911.9604333527313,0
2023-10-14 22:31:23.710312,17,558.868748523353,0
2023-10-15 22:31:23.710312,22,3218.87600361842,0
2023-10-16 22:31:23.710312,24,2934.69836009783,0
2023-10-17 22:31:23.710312,13,4662.828113622614,1
2023-10-18 22:31:23.710312,11,5256.707189783052,1
2023-10-19 22:31:23.710312,19,4530.242547565464,1
2023-10-20 22:31:23.710312,18,2293.1619408726083,0
2023-10-21 22:31:23.710312,22,866.0983122122672,0
2023-10-22 22:31:23.710312,12,1982.8362839673628,0
2023-10-23 22:31:23.710312,23,2259.822443716831,0
2023-10-24 22:31:23.710312,18,5491.935705344837,1
2023-10-25 22:31:23.710312,18,1423.0892543307327,0
2023-10-26 22:31:23.710312,24,1023.8512175602515,0
2023-10-27 22:31:23.710312,19,1721.7880382877381,0
2023-10-28 22:31:23.710312,13,1477.0558880700323,0
2023-10-29 22:31:23.710312,11,988.5353278171003,0
2023-10-30 22:31:23.710312,14,2123.717693367901,0
2023-10-31 22:31:23.710312,23,2341.6492642405838,0
2023-11-01 22:31:23.710312,32,974.9110238578144,0
2023-11-02 22:31:23.710312,17,1873.5928613871172,0
2023-11-03 22:31:23.710312,12,1451.6997025315318,0
2023-11-04 22:31:23.710312,22,2404.0333778012546,0
2023-11-05 22:31:23.710312,19,2546.592992816786,0
2023-11-06 22:31:23.710312,21,1466.396199513892,0
2023-11-07 22:31:23.710312,9,4076.7760474254765,1
2023-11-08 22:31:23.710312,19,2298.8587315653035,0
2023-11-09 22:31:23.710312,17,1519.0505310243402,0
2023-11-10 22:31:23.710312,19,992.0347428783793,0
2023-11-11 22:31:23.710312,21,2656.70517930489,0
2023-11-12 22:31:23.710312,23,3039.985976792712,1
2023-11-13 22:31:23.710312,17,1749.8778434127644,0
2023-11-14 22:31:23.710312,22,2501.6270866688546,0
2023-11-15 22:31:23.710312,27,5378.847057226116,1
2023-11-16 22:31:23.710312,30,3763.5535408189107,1
2023-11-17 22:31:23.710312,21,802.7524903471723,0
2023-11-18 22:31:23.710312,28,1562.7454539089354,0
2023-11-19 22:31:23.710312,9,2172.0752635714484,0
2023-11-20 22:31:23.710312,18,2443.5489996598862,0
2023-11-21 22:31:23.710312,21,2576.301855669908,0
2023-11-22 22:31:23.710312,25,2993.766366204562,1
2023-11-23 22:31:23.710312,19,2238.363882695925,0
2023-11-24 22:31:23.710312,25,2393.756710004819,0
2023-11-25 22:31:23.710312,19,3934.4252540109314,1
2023-11-26 22:31:23.710312,30,2782.1506675552773,0
2023-11-27 22:31:23.710312,16,1307.0195562690642,0
2023-11-28 22:31:23.710312,22,2541.779166025874,0
2023-11-29 22:31:23.710312,14,2244.4640207045313,0
2023-11-30 22:31:23.710312,20,972.136010413022,0
2023-12-01 22:31:23.710312,20,2634.7878213274676,0
2023-12-02 22:31:23.710312,21,1421.478386473331,0
2023-12-03 22:31:23.710312,26,4025.8773471115796,1
2023-12-04 22:31:23.710312,14,3057.125820172949,1
2023-12-05 22:31:23.710312,24,1335.433569837587,0
2023-12-06 22:31:23.710312,23,3948.5856378896538,1
2023-12-07 22:31:23.710312,14,4987.365287959688,1
2023-12-08 22:31:23.710312,18,2171.418875542946,0
2023-12-09 22:31:23.710312,18,2314.3559951932457,0
2023-12-10 22:31:23.710312,27,3771.0063439391206,1
2023-12-11 22:31:23.710312,20,4812.565011159953,1
2023-12-12 22:31:23.710312,19,1149.2343079961036,0
2023-12-13 22:31:23.710312,20,1465.258672805147,0
2023-12-14 22:31:23.710312,20,2046.333548679379,0
2023-12-15 22:31:23.710312,22,2163.8068988948776,0
2023-12-16 22:31:23.710312,12,3761.747496694376,1
2023-12-17 22:31:23.710312,14,4875.775172050761,1
2023-12-18 22:31:23.710312,14,5084.833179300904,1
2023-12-19 22:31:23.710312,15,1198.59130903188,0
2023-12-20 22:31:23.710312,27,1733.6406870596525,0
2023-12-21 22:31:23.710312,22,1927.1904505515636,0
2023-12-22 22:31:23.710312,15,1747.5805508731785,0
2023-12-23 22:31:23.710312,15,3207.6180712456976,1
2023-12-24 22:31:23.710312,15,3415.965074679211,1
2023-12-25 22:31:23.710312,14,2623.4206887330292,0
2023-12-26 22:31:23.710312,16,2512.1910548422293,0
2023-12-27 22:31:23.710312,20,2198.7660197913474,0
2023-12-28 22:31:23.710312,22,2328.58042529229,0
2023-12-29 22:31:23.710312,11,5682.402775727346,1
2023-12-30 22:31:23.710312,24,3729.451767415474,1
2023-12-31 22:31:23.710312,15,2271.7855063610687,0
2024-01-01 22:31:23.710312,18,2540.5493456628697,0
2024-01-02 22:31:23.710312,22,3331.269028429495,0
2024-01-03 22:31:23.710312,19,1577.453166960076,0
2024-01-04 22:31:23.710312,20,2892.5013231170983,0
2024-01-05 22:31:23.710312,13,3676.5246580639714,1
2024-01-06 22:31:23.710312,20,3452.0243115223443,1
2024-01-07 22:31:23.710312,17,1902.5880147683647,0
2024-01-08 22:31:23.710312,16,2055.413746981716,0
2024-01-09 22:31:23.710312,14,1271.9746489788486,0
2024-01-10 22:31:23.710312,21,3916.319996587925,1
2024-01-11 22:31:23.710312,24,7128.319452800729,1
2024-01-12 22:31:23.710312,13,1841.7597246167263,0
2024-01-13 22:31:23.710312,21,4641.282343591587,1
2024-01-14 22:31:23.710312,19,6808.060827309806,1
2024-01-15 22:31:23.710312,17,2262.9110887798597,0
2024-01-16 22:31:23.710312,22,2669.574573908045,0
2024-01-17 22:31:23.710312,21,3160.414330007512,0
2024-01-18 22:31:23.710312,13,3498.763779515892,0
2024-01-19 22:31:23.710312,16,3257.46338983883,0
2024-01-20 22:31:23.710312,15,2379.2180624113903,0
2024-01-21 22:31:23.710312,12,3781.6239307599567,1
2024-01-22 22:31:23.710312,13,2418.452727253499,0
2024-01-23 22:31:23.710312,25,3395.272901950962,0
2024-01-24 22:31:23.710312,15,2829.917249783408,0
2024-01-25 22:31:23.710312,28,1474.264814920888,0
2024-01-26 22:31:23.710312,21,5100.654676703684,1
2024-01-27 22:31:23.710312,24,2233.9933927973584,0
2024-01-28 22:31:23.710312,18,5377.015296065531,1
2024-01-29 22:31:23.710312,20,4674.937932264123,1
2024-01-30 22:31:23.710312,14,3218.685681190067,0
2024-01-31 22:31:23.710312,17,3688.3512104162264,0
2024-02-01 22:31:23.710312,15,3907.8178814653297,1
2024-02-02 22:31:23.710312,20,2693.6667960433742,0
2024-02-03 22:31:23.710312,18,2755.119911317861,0
2024-02-04 22:31:23.710312,17,3839.731777697701,0
2024-02-05 22:31:23.710312,16,2933.0303873364237,0
2024-02-06 22:31:23.710312,24,2511.087905437964,0
2024-02-07 22:31:23.710312,20,2158.9928581517443,0
2024-02-08 22:31:23.710312,18,3560.357722922754,0
2024-02-09 22:31:23.710312,14,2299.1572013718155,0
2024-02-10 22:31:23.710312,29,4370.634574526817,1
2024-02-11 22:31:23.710312,21,4555.619469446578,1
2024-02-12 22:31:23.710312,16,3757.906203133376,0
2024-02-13 22:31:23.710312,15,4132.479314080158,1
2024-02-14 22:31:23.710312,22,3775.5380566313534,0
2024-02-15 22:31:23.710312,18,4284.082251427535,1
2024-02-16 22:31:23.710312,18,4204.238425795648,1
2024-02-17 22:31:23.710312,19,3530.510173345555,0
2024-02-18 22:31:23.710312,19,4838.61101589628,1
2024-02-19 22:31:23.710312,23,2844.040240284657,0
2024-02-20 22:31:23.710312,18,2262.8109125206893,0
2024-02-21 22:31:23.710312,27,2228.83958777353,0
2024-02-22 22:31:23.710312,22,2695.3383869273657,0
2024-02-23 22:31:23.710312,22,1623.1610393670162,0
2024-02-24 22:31:23.710312,15,3363.240308642794,0
2024-02-25 22:31:23.710312,16,4081.575382791915,1
2024-02-26 22:31:23.710312,18,4609.306530753229,1
2024-02-27 22:31:23.710312,14,1753.8585188445497,0
2024-02-28 22:31:23.710312,24,2288.088500350273,0
2024-02-29 22:31:23.710312,16,4412.611645590645,1
2024-03-01 22:31:23.710312,23,2862.4803271846586,0
2024-03-02 22:31:23.710312,23,4066.8792409275634,1
2024-03-03 22:31:23.710312,16,1966.1445628857587,0
2024-03-04 22:31:23.710312,21,5558.660857416514,1
2024-03-05 22:31:23.710312,19,1933.4849569316334,0
2024-03-06 22:31:23.710312,15,3368.9674785153766,0
2024-03-07 22:31:23.710312,20,3409.316554864068,0
2024-03-08 22:31:23.710312,28,2569.6123084955325,0
2024-03-09 22:31:23.710312,23,3824.1527228076034,0
2024-03-10 22:31:23.710312,21,3875.0162316373408,0
2024-03-11 22:31:23.710312,19,3696.265239829176,0
2024-03-12 22:31:23.710312,28,2564.961195311671,0
2024-03-13 22:31:23.710312,19,2396.5806080690204,0
2024-03-14 22:31:23.710312,26,2670.273200710645,0
2024-03-15 22:31:23.710312,21,2294.991648274506,0
2024-03-16 22:31:23.710312,10,5056.101281091525,1
2024-03-17 22:31:23.710312,24,2763.215302082558,0
2024-03-18 22:31:23.710312,18,3362.2024832096945,0
2024-03-19 22:31:23.710312,20,4463.832112577578,1
2024-03-20 22:31:23.710312,18,2269.792571188325,0
2024-03-21 22:31:23.710312,23,1955.2417676364782,0
2024-03-22 22:31:23.710312,16,2310.636694705427,0
2024-03-23 22:31:23.710312,14,3524.096899283617,0
2024-03-24 22:31:23.710312,20,3425.401765687603,0
2024-03-25 22:31:23.710312,27,3720.392388149985,0
2024-03-26 22:31:23.710312,21,3034.8874795726097,0
2024-03-27 22:31:23.710312,14,1583.2897502815983,0
2024-03-28 22:31:23.710312,20,2998.471561608262,0
2024-03-29 22:31:23.710312,16,4749.091083487732,1
2024-03-30 22:31:23.710312,16,5325.916779869416,1
2024-03-31 22:31:23.710312,21,3283.758542605663,0
2024-04-01 22:31:23.710312,24,3434.5567008793414,0
2024-04-02 22:31:23.710312,20,4094.4866941015216,1
2024-04-03 22:31:23.710312,19,5253.484395533734,1
2024-04-04 22:31:23.710312,15,3166.306931970131,0
2024-04-05 22:31:23.710312,18,4067.8681162921675,1
2024-04-06 22:31:23.710312,22,2549.7224959972446,0
2024-04-07 22:31:23.710312,23,2031.8893148675775,0
2024-04-08 22:31:23.710312,16,2642.889270731576,0
2024-04-09 22:31:23.710312,24,5827.262191262146,1
2024-04-10 22:31:23.710312,22,4098.864571203891,1
2024-04-11 22:31:23.710312,13,2077.84304879417,0
2024-04-12 22:31:23.710312,25,4180.555454598691,1
2024-04-13 22:31:23.710312,22,2118.54121767366,0
2024-04-14 22:31:23.710312,17,3687.4264253230244,0
2024-04-15 22:31:23.710312,16,2236.2668868217756,0
2024-04-16 22:31:23.710312,15,2036.1711843877383,0
2024-04-17 22:31:23.710312,19,6293.329675543822,1
2024-04-18 22:31:23.710312,25,2754.2411441079976,0
2024-04-19 22:31:23.710312,17,4047.133498620997,1
2024-04-20 22:31:23.710312,21,3191.4337585375697,0
2024-04-21 22:31:23.710312,22,2147.2046861132667,0
2024-04-22 22:31:23.710312,21,2853.983997118597,0
2024-04-23 22:31:23.710312,24,2146.4842179576494,0
2024-04-24 22:31:23.710312,26,8583.249738713095,1
2024-04-25 22:31:23.710312,19,4353.946888162113,1
2024-04-26 22:31:23.710312,17,3147.5164748143366,0
2024-04-27 22:31:23.710312,22,3925.3923094727575,0
2024-04-28 22:31:23.710312,15,4215.3420497680645,1
2024-04-29 22:31:23.710312,14,4216.404080341821,1
2024-04-30 22:31:23.710312,17,4130.833563628495,0
2024-05-01 22:31:23.710312,22,3984.961069794343,0
2024-05-02 22:31:23.710312,16,3228.8122145057205,0
2024-05-03 22:31:23.710312,26,5995.519652464752,1
2024-05-04 22:31:23.710312,21,3306.511763329693,0
2024-05-05 22:31:23.710312,19,3146.4064732102543,0
2024-05-06 22:31:23.710312,20,3308.8840204960547,0
2024-05-07 22:31:23.710312,15,3405.1031007317315,0
2024-05-08 22:31:23.710312,12,1734.5893293438394,0
2024-05-09 22:31:23.710312,16,2202.3940630110815,0
2024-05-10 22:31:23.710312,17,2924.3296315097987,0
2024-05-11 22:31:23.710312,23,1700.0023631520319,0
2024-05-12 22:31:23.710312,21,3070.110097408996,0
2024-05-13 22:31:23.710312,23,3353.2044870953696,0
2024-05-14 22:31:23.710312,21,1876.5073048748293,0
2024-05-15 22:31:23.710312,20,2349.7020999782985,0
2024-05-16 22:31:23.710312,18,5281.9872284312005,1
2024-05-17 22:31:23.710312,13,3841.932593689468,0
2024-05-18 22:31:23.710312,23,3736.544489573488,0
2024-05-19 22:31:23.710312,23,4948.45829575105,1
2024-05-20 22:31:23.710312,16,2151.300741197612,0
2024-05-21 22:31:23.710312,24,1834.2773503928474,0
2024-05-22 22:31:23.710312,17,4608.247045409924,1
2024-05-23 22:31:23.710312,18,2878.166900065999,0
2024-05-24 22:31:23.710312,28,2105.091052445291,0
2024-05-25 22:31:23.710312,30,1627.3972601183768,0
2024-05-26 22:31:23.710312,15,3203.6091063467134,0
2024-05-27 22:31:23.710312,26,2712.9633393673225,0
2024-05-28 22:31:23.710312,24,2519.1056956072584,0
2024-05-29 22:31:23.710312,16,1396.8620734974088,0
2024-05-30 22:31:23.710312,29,5791.602936679601,1
2024-05-31 22:31:23.710312,15,1672.018597688346,0
2024-06-01 22:31:23.710312,27,2588.7135620783774,0
2024-06-02 22:31:23.710312,23,2407.242226106925,0
2024-06-03 22:31:23.710312,29,3775.7528338650663,1
2024-06-04 22:31:23.710312,17,1557.9938000191314,0
2024-06-05 22:31:23.710312,16,3549.8625786606617,1
2024-06-06 22:31:23.710312,12,3128.446263412183,0
2024-06-07 22:31:23.710312,18,2146.597514668469,0
2024-06-08 22:31:23.710312,11,3468.014771142617,1
2024-06-09 22:31:23.710312,20,2872.365620244384,0
2024-06-10 22:31:23.710312,17,6422.628553204879,1
2024-06-11 22:31:23.710312,26,2596.8636606187665,0
2024-06-12 22:31:23.710312,16,1868.289278717147,0
2024-06-13 22:31:23.710312,26,3502.3107256406197,0
2024-06-14 22:31:23.710312,26,2434.414057999528,0
2024-06-15 22:31:23.710312,24,2797.5847887243663,0
2024-06-16 22:31:23.710312,20,1640.9938862062136,0
2024-06-17 22:31:23.710312,24,3690.396089987871,1
2024-06-18 22:31:23.710312,19,2237.272506090333,0
2024-06-19 22:31:23.710312,16,3132.3533872220596,0
2024-06-20 22:31:23.710312,18,7202.470739824603,1
2024-06-21 22:31:23.710312,17,2449.0694780181275,0
2024-06-22 22:31:23.710312,9,3896.7452641088867,1
2024-06-23 22:31:23.710312,18,2507.8580042959893,0
2024-06-24 22:31:23.710312,24,2016.8650875600233,0
2024-06-25 22:31:23.710312,19,5067.858318668575,1
2024-06-26 22:31:23.710312,29,1270.4287545254704,0
2024-06-27 22:31:23.710312,21,4365.169476430975,1
2024-06-28 22:31:23.710312,29,1219.1833834219806,0
2024-06-29 22:31:23.710312,21,4117.893041163502,1
2024-06-30 22:31:23.710312,16,2689.4646066948817,0
2024-07-01 22:31:23.710312,16,1709.2618505883697,0
2024-07-02 22:31:23.710312,24,2181.56732307331,0
2024-07-03 22:31:23.710312,19,3697.4743419126544,1
2024-07-04 22:31:23.710312,23,6711.73424958106,1
2024-07-05 22:31:23.710312,25,1314.3581473341096,0
2024-07-06 22:31:23.710312,16,1707.5145405463086,0
2024-07-07 22:31:23.710312,21,1415.7790950632675,0
2024-07-08 22:31:23.710312,13,2369.867321438233,0
2024-07-09 22:31:23.710312,17,4089.2185740613054,1
2024-07-10 22:31:23.710312,22,1326.0994880397418,0
2024-07-11 22:31:23.710312,13,2561.225272778823,0
2024-07-12 22:31:23.710312,18,3995.4999018994467,1
2024-07-13 22:31:23.710312,23,2073.581484863741,0
2024-07-14 22:31:23.710312,12,2821.7741476609394,0
2024-07-15 22:31:23.710312,22,4701.738487187686,1
2024-07-16 22:31:23.710312,25,1499.245993392071,0
2024-07-17 22:31:23.710312,20,1123.4498897372487,0
2024-07-18 22:31:23.710312,25,2965.975094706412,0
2024-07-19 22:31:23.710312,22,3000.460231444412,0
2024-07-20 22:31:23.710312,17,1948.7653544149061,0
2024-07-21 22:31:23.710312,24,1764.8679980073764,0
2024-07-22 22:31:23.710312,23,2530.290321378896,0
2024-07-23 22:31:23.710312,22,1431.346913020534,0
2024-07-24 22:31:23.710312,15,1424.3552047837736,0
2024-07-25 22:31:23.710312,26,3501.9009241162466,1
2024-07-26 22:31:23.710312,25,1367.4941156027048,0
2024-07-27 22:31:23.710312,18,1063.738533705051,0
2024-07-28 22:31:23.710312,15,1708.0883081699062,0
2024-07-29 22:31:23.710312,25,1900.5605989577289,0
2024-07-30 22:31:23.710312,22,3094.0452679424566,1
2024-07-31 22:31:23.710312,22,1757.5496105504044,0
2024-08-01 22:31:23.710312,24,5001.84190145518,1
2024-08-02 22:31:23.710312,24,2513.891103223619,0
2024-08-03 22:31:23.710312,32,1553.1957155428825,0
2024-08-04 22:31:23.710312,23,2987.475440595451,1
2024-08-05 22:31:23.710312,17,4923.054688008237,1
2024-08-06 22:31:23.710312,18,3361.4249704126287,1
2024-08-07 22:31:23.710312,23,1081.0474666974583,0
2024-08-08 22:31:23.710312,24,1910.8401496214426,0
2024-08-09 22:31:23.710312,20,2696.608390877238,0
2024-08-10 22:31:23.710312,22,3258.027124009524,1
2024-08-11 22:31:23.710312,19,2113.593284592379,0
2024-08-12 22:31:23.710312,15,1951.9845491065882,0
2024-08-13 22:31:23.710312,23,5884.13022100202,1
2024-08-14 22:31:23.710312,12,3336.0209437018284,1
2024-08-15 22:31:23.710312,22,2919.535598104594,0
2024-08-16 22:31:23.710312,30,1685.9715188001983,0
2024-08-17 22:31:23.710312,19,1246.8405165209651,0
2024-08-18 22:31:23.710312,19,2930.2719432653676,0
2024-08-19 22:31:23.710312,19,3511.74201305415,1
2024-08-20 22:31:23.710312,27,2277.5083644761853,0
2024-08-21 22:31:23.710312,16,3300.218205731599,1
2024-08-22 22:31:23.710312,22,3342.6879735402485,1
2024-08-23 22:31:23.710312,26,3622.648858041353,1
2024-08-24 22:31:23.710312,33,971.513122474639,0
2024-08-25 22:31:23.710312,24,1838.6592358617547,0
2024-08-26 22:31:23.710312,14,2987.002061283384,0
2024-08-27 22:31:23.710312,28,2313.790825067274,0
2024-08-28 22:31:23.710312,24,3318.803723510152,1
2024-08-29 22:31:23.710312,14,2844.192354874709,0
2024-08-30 22:31:23.710312,22,714.3186925658305,0
2024-08-31 22:31:23.710312,16,4086.3685884561573,1
2024-09-01 22:31:23.710312,11,1681.7627526756048,0
2024-09-02 22:31:23.710312,17,1338.5017005494442,0
2024-09-03 22:31:23.710312,17,3995.770015734836,1
2024-09-04 22:31:23.710312,18,3145.177560718642,0
2024-09-05 22:31:23.710312,21,4316.649303028698,1
2024-09-06 22:31:23.710312,24,2568.4099970318116,0
2024-09-07 22:31:23.710312,20,1771.7970990352628,0
2024-09-08 22:31:23.710312,14,2393.356411460205,0
2024-09-09 22:31:23.710312,22,1191.2233538542118,0
2024-09-10 22:31:23.710312,21,987.8970986436591,0
2024-09-11 22:31:23.710312,18,1504.9527279220856,0
2024-09-12 22:31:23.710312,13,5057.470909245767,1
2024-09-13 22:31:23.710312,7,1586.872551833813,0
2024-09-14 22:31:23.710312,19,809.6461512682546,0
2024-09-15 22:31:23.710312,21,1989.4268054713234,0
2024-09-16 22:31:23.710312,24,1568.249390355907,0
2024-09-17 22:31:23.710312,15,4077.4359047541034,1
2024-09-18 22:31:23.710312,22,4833.43762315235,1
2024-09-19 22:31:23.710312,23,1696.378826368315,0
2024-09-20 22:31:23.710312,18,2532.8011290142244,0
2024-09-21 22:31:23.710312,21,2656.718511967121,0
2024-09-22 22:31:23.710312,19,2109.0854321057964,0
2024-09-23 22:31:23.710312,20,1889.9361449055982,0
2024-09-24 22:31:23.710312,12,1238.020399203658,0
2024-09-25 22:31:23.710312,16,740.5295684211538,0
2024-09-26 22:31:23.710312,26,1232.6719211881202,0
2024-09-27 22:31:23.710312,15,2061.812819749104,0
2024-09-28 22:31:23.710312,22,908.5029115937316,0
2024-09-29 22:31:23.710312,21,2448.8646733993096,0
2024-09-30 22:31:23.710312,16,2257.806896309047,0
2024-10-01 22:31:23.710312,12,1555.9539863313023,0
2024-10-02 22:31:23.710312,17,1840.3601253264428,0
2024-10-03 22:31:23.710312,23,989.6989297868658,0
2024-10-04 22:31:23.710312,18,3485.057423682095,1
2024-10-05 22:31:23.710312,26,3450.9957887727287,1
2024-10-06 22:31:23.710312,19,1083.2243943256167,0
2024-10-07 22:31:23.710312,20,1100.811046688801,0
2024-10-08 22:31:23.710312,27,1245.6549993637423,0
2024-10-09 22:31:23.710312,17,2991.1317476588683,1
2024-10-10 22:31:23.710312,27,2653.929006413906,1
2024-10-11 22:31:23.710312,22,3926.67653383077,1
2024-10-12 22:31:23.710312,23,4189.556944797736,1
2024-10-13 22:31:23.710312,15,881.420898585731,0
2024-10-14 22:31:23.710312,34,2937.589028914729,1
2024-10-15 22:31:23.710312,25,4097.498277847902,1
2024-10-16 22:31:23.710312,19,1790.9427795786455,0
2024-10-17 22:31:23.710312,18,2158.3280838030973,0
2024-10-18 22:31:23.710312,15,1976.0291071115603,0
2024-10-19 22:31:23.710312,33,2029.8345674247478,0
2024-10-20 22:31:23.710312,22,3506.782870359172,1
2024-10-21 22:31:23.710312,24,5632.443311245975,1
2024-10-22 22:31:23.710312,33,4698.118551702574,1
2024-10-23 22:31:23.710312,16,1637.5207753139966,0
2024-10-24 22:31:23.710312,15,2573.4298384121407,0
2024-10-25 22:31:23.710312,18,1392.273064651574,0
2024-10-26 22:31:23.710312,19,1474.8688430087718,0
2024-10-27 22:31:23.710312,22,2135.4448038736336,0
2024-10-28 22:31:23.710312,15,1460.8415658402457,0
2024-10-29 22:31:23.710312,22,1586.4301564132775,0
2024-10-30 22:31:23.710312,21,2561.5068574610186,0
2024-10-31 22:31:23.710312,16,2969.1831188081064,0
2024-11-01 22:31:23.710312,17,2928.389263738622,0
2024-11-02 22:31:23.710312,20,2949.6770886861414,0
2024-11-03 22:31:23.710312,9,1109.478866984582,0
2024-11-04 22:31:23.710312,19,1451.9744136551144,0
2024-11-05 22:31:23.710312,17,2310.355998405822,0
2024-11-06 22:31:23.710312,9,4070.3946938638055,1
2024-11-07 22:31:23.710312,19,7564.522988421196,1
2024-11-08 22:31:23.710312,20,2700.3199946365266,0
2024-11-09 22:31:23.710312,14,3397.8211477098052,1
2024-11-10 22:31:23.710312,17,1087.8566846409115,0
2024-11-11 22:31:23.710312,16,3357.32474285838,1
2024-11-12 22:31:23.710312,33,6421.599944394314,1
2024-11-13 22:31:23.710312,22,1498.0885252124378,0
2024-11-14 22:31:23.710312,26,1697.2725863586786,0
2024-11-15 22:31:23.710312,29,3691.1792463585716,1
2024-11-16 22:31:23.710312,20,2356.13191981843,0
2024-11-17 22:31:23.710312,26,876.5869571409663,0
2024-11-18 22:31:23.710312,23,1776.8470889377666,0
2024-11-19 22:31:23.710312,16,4987.0779332589755,1
2024-11-20 22:31:23.710312,18,2014.128223321578,0
2024-11-21 22:31:23.710312,13,2019.9348930195588,0
2024-11-22 22:31:23.710312,21,3605.187872225767,1
2024-11-23 22:31:23.710312,26,2847.9807113999627,0
2024-11-24 22:31:23.710312,18,1984.0943615237393,0
2024-11-25 22:31:23.710312,24,1711.2824696275557,0
2024-11-26 22:31:23.710312,24,9832.596872030645,1
2024-11-27 22:31:23.710312,25,4576.267900029175,1
2024-11-28 22:31:23.710312,21,3107.6534695713494,0
2024-11-29 22:31:23.710312,18,3223.382165394657,0
2024-11-30 22:31:23.710312,19,2263.007749620005,0
2024-12-01 22:31:23.710312,18,2887.436627459931,0
2024-12-02 22:31:23.710312,16,2155.475962483987,0
2024-12-03 22:31:23.710312,16,1567.3158985716261,0
2024-12-04 22:31:23.710312,21,2971.1336200084615,0
2024-12-05 22:31:23.710312,22,2085.1875410895186,0
2024-12-06 22:31:23.710312,18,3069.2157156303247,0
2024-12-07 22:31:23.710312,20,3386.4430553591737,0
2024-12-08 22:31:23.710312,18,3171.084700439438,0
2024-12-09 22:31:23.710312,21,1557.1287032212276,0
2024-12-10 22:31:23.710312,21,2015.0662303632475,0
2024-12-11 22:31:23.710312,31,2153.3612314204743,0
2024-12-12 22:31:23.710312,15,4118.043440530626,1
2024-12-13 22:31:23.710312,18,4011.558425423387,1
2024-12-14 22:31:23.710312,20,1772.2086507926094,0
2024-12-15 22:31:23.710312,17,1385.0277627363885,0
2024-12-16 22:31:23.710312,24,8053.178056307945,1
2024-12-17 22:31:23.710312,17,3179.467762312385,0
2024-12-18 22:31:23.710312,23,1343.2215510973158,0
2024-12-19 22:31:23.710312,19,1944.5882727605215,0
2024-12-20 22:31:23.710312,15,4277.93031822146,1
2024-12-21 22:31:23.710312,15,7000.868869382925,1
2024-12-22 22:31:23.710312,23,6368.162127400003,1
2024-12-23 22:31:23.710312,21,3161.8488632829826,0
2024-12-24 22:31:23.710312,32,2619.4773773398733,0
2024-12-25 22:31:23.710312,24,1627.5104538065466,0
2024-12-26 22:31:23.710312,30,2745.352582090325,0
2024-12-27 22:31:23.710312,16,1731.5933538989705,0
2024-12-28 22:31:23.710312,21,2176.1654657031986,0
2024-12-29 22:31:23.710312,18,4030.11096657536,1
2024-12-30 22:31:23.710312,24,2381.7512318868767,0
2024-12-31 22:31:23.710312,25,2317.5557255114554,0
2025-01-01 22:31:23.710312,22,2611.2960003975345,0
2025-01-02 22:31:23.710312,22,8873.253952476434,1
2025-01-03 22:31:23.710312,21,1629.6455287807012,0
2025-01-04 22:31:23.710312,16,3090.254263969358,0
2025-01-05 22:31:23.710312,21,6166.970918462064,1
2025-01-06 22:31:23.710312,16,2650.5753481576166,0
2025-01-07 22:31:23.710312,21,4857.984547847354,1
2025-01-08 22:31:23.710312,23,1546.4325532343419,0
2025-01-09 22:31:23.710312,19,2495.2679888658495,0
2025-01-10 22:31:23.710312,14,1918.1310225801085,0
2025-01-11 22:31:23.710312,23,2680.107918032437,0
2025-01-12 22:31:23.710312,17,2714.5431967474824,0
2025-01-13 22:31:23.710312,15,2853.662268399081,0
2025-01-14 22:31:23.710312,16,4138.788691871326,1
2025-01-15 22:31:23.710312,12,1251.0293909873008,0
2025-01-16 22:31:23.710312,12,2135.6874140639225,0
2025-01-17 22:31:23.710312,16,3098.824811942003,0
2025-01-18 22:31:23.710312,26,1380.7441219407172,0
2025-01-19 22:31:23.710312,20,3762.1874202249837,1
2025-01-20 22:31:23.710312,18,2152.3552977136524,0
2025-01-21 22:31:23.710312,21,2616.453132602657,0
2025-01-22 22:31:23.710312,19,4298.589255426239,1
2025-01-23 22:31:23.710312,15,5106.568677188541,1
2025-01-24 22:31:23.710312,16,3857.9496964952777,1
2025-01-25 22:31:23.710312,13,1795.715146180804,0
2025-01-26 22:31:23.710312,24,3781.7724300127684,1
2025-01-27 22:31:23.710312,22,3911.062763667554,1
2025-01-28 22:31:23.710312,28,3561.2332691368056,0
2025-01-29 22:31:23.710312,19,5580.484099579616,1
2025-01-30 22:31:23.710312,20,3024.133353120229,0
2025-01-31 22:31:23.710312,20,5485.528271161395,1
2025-02-01 22:31:23.710312,13,5475.891557821846,1
2025-02-02 22:31:23.710312,14,4008.766915941111,1
2025-02-03 22:31:23.710312,24,3355.8290962407395,0
2025-02-04 22:31:23.710312,17,3622.350781576397,0
2025-02-05 22:31:23.710312,13,6255.924665197272,1
2025-02-06 22:31:23.710312,21,4765.41842914762,1
2025-02-07 22:31:23.710312,19,1961.7110054424481,0
2025-02-08 22:31:23.710312,21,3546.0013152884044,0
2025-02-09 22:31:23.710312,28,2112.114778231213,0
2025-02-10 22:31:23.710312,14,2282.9234299266186,0
2025-02-11 22:31:23.710312,18,2563.459660745433,0
2025-02-12 22:31:23.710312,24,1768.183993491931,0
2025-02-13 22:31:23.710312,12,2091.49912645057,0
2025-02-14 22:31:23.710312,15,5847.797935194037,1
2025-02-15 22:31:23.710312,22,2309.3159995535057,0
2025-02-16 22:31:23.710312,28,4392.9818454260485,1
2025-02-17 22:31:23.710312,21,3266.20730406632,0
2025-02-18 22:31:23.710312,15,3861.284175484102,0
2025-02-19 22:31:23.710312,19,3941.8430224888807,0
2025-02-20 22:31:23.710312,18,2102.381115366331,0
2025-02-21 22:31:23.710312,32,4409.107823064904,1
2025-02-22 22:31:23.710312,17,1923.614766630244,0
2025-02-23 22:31:23.710312,19,2319.9442504369795,0
2025-02-24 22:31:23.710312,22,3942.403973823029,0
2025-02-25 22:31:23.710312,22,2084.9959431642455,0
2025-02-26 22:31:23.710312,15,1615.5972473754578,0
2025-02-27 22:31:23.710312,24,3580.350202989657,0
2025-02-28 22:31:23.710312,11,1777.7025587004107,0
2025-03-01 22:31:23.710312,14,4135.549762501251,1
2025-03-02 22:31:23.710312,17,2740.0757261939098,0
2025-03-03 22:31:23.710312,23,3575.670994561454,0
2025-03-04 22:31:23.710312,25,3551.0808042483336,0
2025-03-05 22:31:23.710312,17,4293.011739016987,1
2025-03-06 22:31:23.710312,20,4038.8064447011584,1
2025-03-07 22:31:23.710312,19,2122.0407842095333,0
2025-03-08 22:31:23.710312,18,2828.0653820908487,0
2025-03-09 22:31:23.710312,24,3596.3854240971264,1
2025-03-10 22:31:23.710312,19,5745.393701040997,1
2025-03-11 22:31:23.710312,24,4072.5705912314443,1
2025-03-12 22:31:23.710312,20,5508.260143676344,1
2025-03-13 22:31:23.710312,31,3690.3664750628514,0
2025-03-14 22:31:23.710312,13,4984.643820727046,1
2025-03-15 22:31:23.710312,19,3487.8029046528773,0
2025-03-16 22:31:23.710312,13,4893.251913438087,1
2025-03-17 22:31:23.710312,15,2735.7817947248645,0
2025-03-18 22:31:23.710312,23,6094.441356911328,1
2025-03-19 22:31:23.710312,18,3885.9099234185323,0
2025-03-20 22:31:23.710312,19,1923.1752680111138,0
2025-03-21 22:31:23.710312,24,3678.434082834344,0
2025-03-22 22:31:23.710312,23,4103.872231830536,1
2025-03-23 22:31:23.710312,19,4584.283255422394,1
2025-03-24 22:31:23.710312,22,7171.436842844453,1
2025-03-25 22:31:23.710312,11,2591.4103216541384,0
2025-03-26 22:31:23.710312,15,7198.250579577665,1
2025-03-27 22:31:23.710312,20,3169.4018106917238,0
2025-03-28 22:31:23.710312,9,2378.804224474812,0
2025-03-29 22:31:23.710312,23,2614.585360888341,0
2025-03-30 22:31:23.710312,12,4003.6957214673776,0
2025-03-31 22:31:23.710312,18,2269.201683835984,0
2025-04-01 22:31:23.710312,18,2770.3602360251634,0
2025-04-02 22:31:23.710312,22,3648.7973074927113,0
2025-04-03 22:31:23.710312,15,6085.68644290068,1
2025-04-04 22:31:23.710312,22,4529.543309884301,1
2025-04-05 22:31:23.710312,17,3222.435982063536,0
2025-04-06 22:31:23.710312,17,3994.379195958309,0
2025-04-07 22:31:23.710312,22,3495.579875685654,0
2025-04-08 22:31:23.710312,16,2075.205885363246,0
2025-04-09 22:31:23.710312,21,6610.966369750827,1
2025-04-10 22:31:23.710312,22,6128.226518315661,1
2025-04-11 22:31:23.710312,24,3065.9859917555395,0
2025-04-12 22:31:23.710312,21,2640.3955344149954,0
2025-04-13 22:31:23.710312,25,2081.489808638252,0
2025-04-14 22:31:23.710312,14,4094.7725247378685,0
2025-04-15 22:31:23.710312,28,4104.704945144965,0
2025-04-16 22:31:23.710312,18,2312.982002613029,0
2025-04-17 22:31:23.710312,19,3497.066575161917,0
2025-04-18 22:31:23.710312,29,4445.244558477234,1
2025-04-19 22:31:23.710312,14,2561.7478719398773,0
2025-04-20 22:31:23.710312,26,2899.8590014627125,0
2025-04-21 22:31:23.710312,17,2886.1596121117227,0
2025-04-22 22:31:23.710312,28,2345.1337372741036,0
2025-04-23 22:31:23.710312,24,2914.072059445762,0
2025-04-24 22:31:23.710312,25,1822.4126815003524,0
2025-04-25 22:31:23.710312,24,2816.125530997768,0
2025-04-26 22:31:23.710312,15,2829.233395123313,0
2025-04-27 22:31:23.710312,9,3039.8721745198427,0
2025-04-28 22:31:23.710312,14,3813.3257264543467,0
2025-04-29 22:31:23.710312,25,1989.9618570014597,0
2025-04-30 22:31:23.710312,20,2090.889755984499,0
2025-05-01 22:31:23.710312,23,2292.993325541806,0
2025-05-02 22:31:23.710312,21,1922.4650503307832,0
