date,claim_id,claims_count,total_payout,target,count
2025-03-01,CLAIM0001,13,3989.5,1,1
2025-03-01,CLAIM0002,17,3852.22,0,1
2025-03-01,CLAIM0003,17,5222.67,0,1
2025-03-01,CLAIM0004,24,5143.69,0,1
2025-03-01,CLAIM0005,22,1704.62,1,1
2025-03-01,CLAIM0006,10,1078.18,0,1
2025-03-01,CLAIM0007,10,1993.58,0,1
2025-03-01,CLAIM0008,20,1994.21,0,1
2025-03-01,CLAIM0009,12,4856.35,0,1
2025-03-01,CLAIM0010,16,4255.39,1,1
2025-03-01,CLAIM0011,18,4116.49,0,1
2025-03-01,CLAIM0012,25,2854.09,0,1
2025-03-01,CLAIM0013,14,4648.03,0,1
2025-03-01,CLAIM0014,12,3361.07,0,1
2025-03-01,CLAIM0015,23,5244.57,0,1
2025-03-01,CLAIM0016,23,3468.98,0,1
2025-03-02,CLAIM0017,24,1554.45,0,1
2025-03-02,CLAIM0018,28,1157.15,0,1
2025-03-02,CLAIM0019,29,3816.38,0,1
2025-03-02,CLAIM0020,14,2246.46,0,1
2025-03-02,CLAIM0021,20,2015.31,1,1
2025-03-02,CLAIM0022,16,2448.76,0,1
2025-03-02,CLAIM0023,11,4121.77,0,1
2025-03-02,CLAIM0024,15,3282.67,0,1
2025-03-02,CLAIM0025,29,5462.79,0,1
2025-03-02,CLAIM0026,16,5534.14,0,1
2025-03-02,CLAIM0027,29,2762.84,0,1
2025-03-02,CLAIM0028,15,3553.74,0,1
2025-03-02,CLAIM0029,14,4462.18,0,1
2025-03-02,CLAIM0030,24,1841.46,0,1
2025-03-02,CLAIM0031,18,3019.18,0,1
2025-03-02,CLAIM0032,29,2234.38,0,1
2025-03-02,CLAIM0033,12,2504.39,0,1
2025-03-02,CLAIM0034,26,2333.91,1,1
2025-03-02,CLAIM0035,14,2725.36,0,1
2025-03-02,CLAIM0036,11,3654.67,0,1
2025-03-02,CLAIM0037,15,2210.28,0,1
2025-03-02,CLAIM0038,20,2848.27,0,1
2025-03-02,CLAIM0039,15,2838.92,0,1
2025-03-02,CLAIM0040,15,2994.12,1,1
2025-03-02,CLAIM0041,25,5176.51,0,1
2025-03-02,CLAIM0042,15,4479.06,1,1
2025-03-02,CLAIM0043,13,1082.94,0,1
2025-03-02,CLAIM0044,28,2743.33,0,1
2025-03-02,CLAIM0045,18,4454.69,0,1
2025-03-03,CLAIM0046,27,5188.55,0,1
2025-03-03,CLAIM0047,27,5623.47,1,1
2025-03-03,CLAIM0048,12,2142.75,0,1
2025-03-03,CLAIM0049,25,3776.0,0,1
2025-03-03,CLAIM0050,11,5981.27,1,1
2025-03-03,CLAIM0051,14,5502.09,0,1
2025-03-03,CLAIM0052,18,2394.36,0,1
2025-03-03,CLAIM0053,25,5485.55,1,1
2025-03-03,CLAIM0054,10,4210.16,0,1
2025-03-03,CLAIM0055,17,4926.7,0,1
2025-03-03,CLAIM0056,12,2861.41,1,1
2025-03-03,CLAIM0057,27,1804.04,0,1
2025-03-03,CLAIM0058,12,4259.81,0,1
2025-03-03,CLAIM0059,10,1090.38,0,1
2025-03-03,CLAIM0060,25,4732.46,0,1
2025-03-03,CLAIM0061,16,4604.7,0,1
2025-03-03,CLAIM0062,25,1468.37,0,1
2025-03-03,CLAIM0063,23,3949.35,1,1
2025-03-03,CLAIM0064,28,5460.23,0,1
2025-03-03,CLAIM0065,11,2750.39,0,1
2025-03-03,CLAIM0066,24,3462.59,0,1
2025-03-03,CLAIM0067,25,2403.86,0,1
2025-03-03,CLAIM0068,26,1218.02,1,1
2025-03-03,CLAIM0069,23,5574.32,0,1
2025-03-04,CLAIM0070,18,5765.36,0,1
2025-03-04,CLAIM0071,23,5833.27,1,1
2025-03-04,CLAIM0072,10,1376.73,0,1
2025-03-04,CLAIM0073,10,2584.61,0,1
2025-03-04,CLAIM0074,19,5680.77,0,1
2025-03-04,CLAIM0075,17,1352.08,0,1
2025-03-04,CLAIM0076,24,5950.27,0,1
2025-03-04,CLAIM0077,19,5386.87,0,1
2025-03-04,CLAIM0078,10,1683.11,0,1
2025-03-04,CLAIM0079,16,2467.96,1,1
2025-03-04,CLAIM0080,12,2281.03,0,1
2025-03-04,CLAIM0081,16,3507.58,0,1
2025-03-04,CLAIM0082,10,1354.7,0,1
2025-03-04,CLAIM0083,23,5450.03,0,1
2025-03-04,CLAIM0084,11,1469.91,0,1
2025-03-04,CLAIM0085,28,3327.99,0,1
2025-03-04,CLAIM0086,26,1186.74,1,1
2025-03-04,CLAIM0087,20,1635.3,0,1
2025-03-04,CLAIM0088,21,5826.26,0,1
2025-03-04,CLAIM0089,15,1258.41,0,1
2025-03-05,CLAIM0090,24,4497.56,0,1
2025-03-05,CLAIM0091,25,5879.26,0,1
2025-03-05,CLAIM0092,28,4975.93,0,1
2025-03-05,CLAIM0093,14,1921.67,0,1
2025-03-05,CLAIM0094,18,4442.5,0,1
2025-03-05,CLAIM0095,10,3211.76,0,1
2025-03-05,CLAIM0096,25,1914.33,1,1
2025-03-05,CLAIM0097,10,5774.33,0,1
2025-03-05,CLAIM0098,14,4058.6,0,1
2025-03-05,CLAIM0099,21,3830.19,0,1
2025-03-05,CLAIM0100,23,1459.0,0,1
2025-03-05,CLAIM0101,23,5897.55,0,1
2025-03-05,CLAIM0102,25,1489.17,0,1
2025-03-05,CLAIM0103,16,2731.52,0,1
2025-03-05,CLAIM0104,14,2992.52,0,1
2025-03-05,CLAIM0105,14,5433.4,0,1
2025-03-05,CLAIM0106,19,4129.3,0,1
2025-03-06,CLAIM0107,10,3696.89,0,1
2025-03-06,CLAIM0108,25,1352.84,0,1
2025-03-06,CLAIM0109,26,5335.99,0,1
2025-03-06,CLAIM0110,29,3877.37,0,1
2025-03-06,CLAIM0111,10,3291.26,0,1
2025-03-06,CLAIM0112,14,4129.7,1,1
2025-03-06,CLAIM0113,17,5526.75,0,1
2025-03-06,CLAIM0114,22,2072.95,0,1
2025-03-06,CLAIM0115,28,4091.27,0,1
2025-03-06,CLAIM0116,17,2926.98,0,1
2025-03-06,CLAIM0117,11,2303.47,0,1
2025-03-06,CLAIM0118,27,4144.71,1,1
2025-03-06,CLAIM0119,13,3089.73,1,1
2025-03-06,CLAIM0120,13,1887.2,0,1
2025-03-06,CLAIM0121,12,5952.53,0,1
2025-03-06,CLAIM0122,27,2250.08,0,1
2025-03-07,CLAIM0123,14,2192.98,0,1
2025-03-07,CLAIM0124,12,1515.62,1,1
2025-03-07,CLAIM0125,29,5132.29,0,1
2025-03-07,CLAIM0126,28,2946.01,0,1
2025-03-07,CLAIM0127,18,5235.72,0,1
2025-03-07,CLAIM0128,23,4383.85,0,1
2025-03-07,CLAIM0129,24,1416.42,0,1
2025-03-07,CLAIM0130,21,2643.32,0,1
2025-03-07,CLAIM0131,13,5730.97,0,1
2025-03-07,CLAIM0132,16,1456.03,0,1
2025-03-07,CLAIM0133,16,5979.66,0,1
2025-03-07,CLAIM0134,12,5438.52,0,1
2025-03-07,CLAIM0135,27,5843.26,0,1
2025-03-07,CLAIM0136,21,5334.34,1,1
2025-03-07,CLAIM0137,23,4504.85,0,1
2025-03-07,CLAIM0138,27,5459.48,0,1
2025-03-07,CLAIM0139,14,2166.14,0,1
2025-03-07,CLAIM0140,22,2853.21,1,1
2025-03-07,CLAIM0141,16,5930.01,0,1
2025-03-07,CLAIM0142,15,4540.91,0,1
2025-03-07,CLAIM0143,21,3792.02,0,1
2025-03-07,CLAIM0144,28,1555.99,0,1
2025-03-07,CLAIM0145,22,3026.01,0,1
2025-03-07,CLAIM0146,29,1594.09,0,1
2025-03-07,CLAIM0147,18,4721.06,0,1
2025-03-07,CLAIM0148,26,1414.46,0,1
2025-03-07,CLAIM0149,15,5010.55,1,1
2025-03-07,CLAIM0150,22,1215.8,1,1
2025-03-08,CLAIM0151,20,5595.58,0,1
2025-03-08,CLAIM0152,28,5846.51,0,1
2025-03-08,CLAIM0153,18,2084.05,0,1
2025-03-08,CLAIM0154,10,4137.79,0,1
2025-03-08,CLAIM0155,25,4685.5,1,1
2025-03-08,CLAIM0156,19,5752.06,1,1
2025-03-08,CLAIM0157,21,1533.78,0,1
2025-03-08,CLAIM0158,13,3318.49,0,1
2025-03-08,CLAIM0159,27,2329.69,0,1
2025-03-08,CLAIM0160,13,5931.05,0,1
2025-03-08,CLAIM0161,26,2398.82,0,1
2025-03-08,CLAIM0162,22,4423.66,0,1
2025-03-08,CLAIM0163,23,1381.0,1,1
2025-03-08,CLAIM0164,28,4628.6,0,1
2025-03-08,CLAIM0165,11,1413.74,1,1
2025-03-08,CLAIM0166,22,1824.17,0,1
2025-03-08,CLAIM0167,10,3401.85,1,1
2025-03-08,CLAIM0168,20,3970.65,0,1
2025-03-08,CLAIM0169,26,5191.64,0,1
2025-03-08,CLAIM0170,12,1669.26,0,1
2025-03-09,CLAIM0171,15,4458.57,0,1
2025-03-09,CLAIM0172,14,5983.18,0,1
2025-03-09,CLAIM0173,14,4630.6,0,1
2025-03-09,CLAIM0174,28,2236.74,0,1
2025-03-09,CLAIM0175,23,2257.21,0,1
2025-03-09,CLAIM0176,13,2143.21,0,1
2025-03-09,CLAIM0177,11,2790.81,0,1
2025-03-09,CLAIM0178,11,3381.05,1,1
2025-03-09,CLAIM0179,27,5260.91,0,1
2025-03-09,CLAIM0180,14,1442.04,0,1
2025-03-09,CLAIM0181,26,1670.08,0,1
2025-03-09,CLAIM0182,24,4923.34,0,1
2025-03-09,CLAIM0183,20,2064.82,0,1
2025-03-09,CLAIM0184,11,2752.94,0,1
2025-03-09,CLAIM0185,24,3187.37,1,1
2025-03-09,CLAIM0186,29,3737.23,0,1
2025-03-09,CLAIM0187,24,2982.71,0,1
2025-03-09,CLAIM0188,28,4488.21,0,1
2025-03-09,CLAIM0189,19,5632.94,0,1
2025-03-09,CLAIM0190,29,3295.68,1,1
2025-03-10,CLAIM0191,11,2643.76,0,1
2025-03-10,CLAIM0192,25,2707.82,0,1
2025-03-10,CLAIM0193,25,1759.51,0,1
2025-03-10,CLAIM0194,17,1900.34,0,1
2025-03-10,CLAIM0195,12,5371.59,0,1
2025-03-10,CLAIM0196,27,4009.68,0,1
2025-03-10,CLAIM0197,14,2725.41,0,1
2025-03-10,CLAIM0198,15,1603.18,0,1
2025-03-10,CLAIM0199,23,2821.35,0,1
2025-03-10,CLAIM0200,22,2607.91,0,1
2025-03-10,CLAIM0201,24,4139.5,0,1
2025-03-10,CLAIM0202,20,5604.36,0,1
2025-03-10,CLAIM0203,13,5031.01,0,1
2025-03-11,CLAIM0204,29,2046.75,0,1
2025-03-11,CLAIM0205,23,4091.27,0,1
2025-03-11,CLAIM0206,11,4737.35,0,1
2025-03-11,CLAIM0207,28,4566.75,1,1
2025-03-11,CLAIM0208,23,4748.08,0,1
2025-03-11,CLAIM0209,27,3237.06,0,1
2025-03-11,CLAIM0210,24,1524.35,0,1
2025-03-11,CLAIM0211,19,3819.83,1,1
2025-03-11,CLAIM0212,21,2166.08,0,1
2025-03-11,CLAIM0213,13,2775.52,0,1
2025-03-11,CLAIM0214,27,1434.6,0,1
2025-03-11,CLAIM0215,11,3788.71,0,1
2025-03-11,CLAIM0216,21,1637.9,0,1
2025-03-11,CLAIM0217,15,5498.24,0,1
2025-03-11,CLAIM0218,22,2651.74,1,1
2025-03-11,CLAIM0219,15,2826.78,0,1
2025-03-11,CLAIM0220,20,1439.44,1,1
2025-03-12,CLAIM0221,18,1401.17,0,1
2025-03-12,CLAIM0222,17,4484.81,1,1
2025-03-12,CLAIM0223,15,2989.28,1,1
2025-03-12,CLAIM0224,13,1026.5,1,1
2025-03-12,CLAIM0225,15,4343.22,1,1
2025-03-12,CLAIM0226,24,3675.18,0,1
2025-03-12,CLAIM0227,22,4847.46,0,1
2025-03-12,CLAIM0228,13,3127.18,0,1
2025-03-12,CLAIM0229,26,3649.2,0,1
2025-03-12,CLAIM0230,23,2443.15,0,1
2025-03-12,CLAIM0231,20,5660.07,0,1
2025-03-12,CLAIM0232,12,1259.12,0,1
2025-03-13,CLAIM0233,19,3743.02,0,1
2025-03-13,CLAIM0234,11,2611.77,1,1
2025-03-13,CLAIM0235,10,1694.12,0,1
2025-03-13,CLAIM0236,18,3978.19,0,1
2025-03-13,CLAIM0237,12,2744.34,1,1
2025-03-13,CLAIM0238,21,3042.59,1,1
2025-03-13,CLAIM0239,20,5691.7,0,1
2025-03-13,CLAIM0240,12,5632.25,0,1
2025-03-13,CLAIM0241,17,5139.7,0,1
2025-03-13,CLAIM0242,12,1821.33,1,1
2025-03-13,CLAIM0243,23,3615.33,0,1
2025-03-14,CLAIM0244,22,3941.53,0,1
2025-03-14,CLAIM0245,17,3195.67,0,1
2025-03-14,CLAIM0246,28,4120.51,0,1
2025-03-14,CLAIM0247,24,3887.43,0,1
2025-03-14,CLAIM0248,24,2919.46,0,1
2025-03-14,CLAIM0249,17,2145.13,0,1
2025-03-14,CLAIM0250,15,5699.16,0,1
2025-03-14,CLAIM0251,17,4468.59,0,1
2025-03-14,CLAIM0252,24,4100.36,0,1
2025-03-14,CLAIM0253,16,3865.75,1,1
2025-03-14,CLAIM0254,10,4534.9,0,1
2025-03-14,CLAIM0255,10,1167.66,0,1
2025-03-14,CLAIM0256,19,3469.91,0,1
2025-03-14,CLAIM0257,15,3682.41,0,1
2025-03-14,CLAIM0258,22,1637.44,0,1
2025-03-14,CLAIM0259,17,1749.59,0,1
2025-03-14,CLAIM0260,21,4859.41,0,1
2025-03-14,CLAIM0261,28,4469.74,0,1
2025-03-14,CLAIM0262,20,3995.15,1,1
2025-03-14,CLAIM0263,19,2712.62,0,1
2025-03-14,CLAIM0264,24,2439.65,0,1
2025-03-15,CLAIM0265,22,1695.58,0,1
2025-03-15,CLAIM0266,10,1090.55,1,1
2025-03-15,CLAIM0267,21,1511.06,1,1
2025-03-15,CLAIM0268,14,5612.5,0,1
2025-03-15,CLAIM0269,19,4856.23,0,1
2025-03-15,CLAIM0270,18,3120.65,0,1
2025-03-15,CLAIM0271,17,5202.2,1,1
2025-03-15,CLAIM0272,10,1566.19,1,1
2025-03-15,CLAIM0273,23,1931.6,1,1
2025-03-15,CLAIM0274,10,5349.48,0,1
2025-03-15,CLAIM0275,17,4039.47,0,1
2025-03-15,CLAIM0276,18,2027.9,0,1
2025-03-15,CLAIM0277,18,1571.34,0,1
2025-03-15,CLAIM0278,20,5614.8,0,1
2025-03-15,CLAIM0279,11,5592.27,0,1
2025-03-16,CLAIM0280,21,5563.75,0,1
2025-03-16,CLAIM0281,16,1827.57,0,1
2025-03-16,CLAIM0282,10,2811.97,0,1
2025-03-16,CLAIM0283,27,4317.69,0,1
2025-03-16,CLAIM0284,29,3294.94,0,1
2025-03-16,CLAIM0285,17,3510.98,0,1
2025-03-16,CLAIM0286,22,2986.59,0,1
2025-03-16,CLAIM0287,28,2746.93,0,1
2025-03-16,CLAIM0288,26,1182.75,0,1
2025-03-16,CLAIM0289,17,3937.27,0,1
2025-03-16,CLAIM0290,28,3266.44,0,1
2025-03-17,CLAIM0291,26,3003.82,0,1
2025-03-17,CLAIM0292,13,1909.64,1,1
2025-03-17,CLAIM0293,16,4766.23,0,1
2025-03-17,CLAIM0294,28,4220.0,0,1
2025-03-17,CLAIM0295,27,5334.97,0,1
2025-03-17,CLAIM0296,12,2155.37,0,1
2025-03-17,CLAIM0297,17,1520.54,0,1
2025-03-17,CLAIM0298,12,5437.3,0,1
2025-03-17,CLAIM0299,17,1497.21,0,1
2025-03-17,CLAIM0300,23,4015.99,1,1
2025-03-18,CLAIM0301,25,2985.92,0,1
2025-03-18,CLAIM0302,23,2465.74,1,1
2025-03-18,CLAIM0303,16,4166.2,0,1
2025-03-18,CLAIM0304,28,1613.88,1,1
2025-03-18,CLAIM0305,27,5463.36,1,1
2025-03-18,CLAIM0306,29,2679.33,1,1
2025-03-18,CLAIM0307,12,3951.47,0,1
2025-03-18,CLAIM0308,14,2725.96,0,1
2025-03-18,CLAIM0309,18,3180.63,0,1
2025-03-18,CLAIM0310,29,5872.74,0,1
2025-03-18,CLAIM0311,26,5342.34,0,1
2025-03-18,CLAIM0312,23,3355.33,0,1
2025-03-18,CLAIM0313,27,1112.35,0,1
2025-03-18,CLAIM0314,17,4494.23,0,1
2025-03-18,CLAIM0315,18,1696.78,1,1
2025-03-18,CLAIM0316,13,1661.38,1,1
2025-03-18,CLAIM0317,11,2361.54,0,1
2025-03-18,CLAIM0318,27,3648.31,1,1
2025-03-18,CLAIM0319,18,2370.28,0,1
2025-03-18,CLAIM0320,15,5148.71,0,1
2025-03-18,CLAIM0321,19,1700.09,0,1
2025-03-19,CLAIM0322,15,4660.92,0,1
2025-03-19,CLAIM0323,22,4325.18,0,1
2025-03-19,CLAIM0324,22,5190.53,0,1
2025-03-19,CLAIM0325,23,1234.83,0,1
2025-03-19,CLAIM0326,20,1921.85,0,1
2025-03-19,CLAIM0327,28,2226.75,0,1
2025-03-19,CLAIM0328,17,3185.97,1,1
2025-03-19,CLAIM0329,16,4052.02,1,1
2025-03-19,CLAIM0330,24,5770.43,0,1
2025-03-19,CLAIM0331,10,2349.56,0,1
2025-03-19,CLAIM0332,28,3975.39,0,1
2025-03-19,CLAIM0333,22,1773.36,0,1
2025-03-19,CLAIM0334,11,1532.99,0,1
2025-03-19,CLAIM0335,26,3063.97,0,1
2025-03-19,CLAIM0336,17,3174.14,0,1
2025-03-19,CLAIM0337,12,1388.83,0,1
2025-03-19,CLAIM0338,28,2360.73,0,1
2025-03-19,CLAIM0339,28,2572.98,1,1
2025-03-19,CLAIM0340,26,1684.09,1,1
2025-03-19,CLAIM0341,26,1925.66,0,1
2025-03-19,CLAIM0342,28,4661.12,1,1
2025-03-20,CLAIM0343,14,4461.38,1,1
2025-03-20,CLAIM0344,27,3447.12,0,1
2025-03-20,CLAIM0345,18,5720.3,0,1
2025-03-20,CLAIM0346,19,3941.32,1,1
2025-03-20,CLAIM0347,16,1169.73,0,1
2025-03-20,CLAIM0348,18,1963.0,0,1
2025-03-20,CLAIM0349,27,4725.32,0,1
2025-03-20,CLAIM0350,12,2595.5,1,1
2025-03-20,CLAIM0351,26,4250.84,0,1
2025-03-20,CLAIM0352,21,1602.83,0,1
2025-03-20,CLAIM0353,14,3651.33,0,1
2025-03-20,CLAIM0354,21,3862.14,1,1
2025-03-20,CLAIM0355,13,4953.62,0,1
2025-03-20,CLAIM0356,27,3600.84,0,1
2025-03-20,CLAIM0357,21,2164.8,0,1
2025-03-20,CLAIM0358,19,5951.71,0,1
2025-03-20,CLAIM0359,22,3644.69,1,1
2025-03-20,CLAIM0360,12,1350.15,0,1
2025-03-20,CLAIM0361,26,3009.65,0,1
2025-03-20,CLAIM0362,25,5368.39,1,1
2025-03-20,CLAIM0363,19,1458.5,0,1
2025-03-20,CLAIM0364,29,4687.91,0,1
2025-03-20,CLAIM0365,12,3336.55,0,1
2025-03-20,CLAIM0366,27,2481.54,0,1
2025-03-20,CLAIM0367,25,1089.37,1,1
2025-03-20,CLAIM0368,18,1547.34,0,1
2025-03-21,CLAIM0369,13,2091.27,1,1
2025-03-21,CLAIM0370,14,1447.06,0,1
2025-03-21,CLAIM0371,23,4003.99,1,1
2025-03-21,CLAIM0372,11,1835.17,1,1
2025-03-21,CLAIM0373,17,5713.66,0,1
2025-03-21,CLAIM0374,28,3563.44,0,1
2025-03-21,CLAIM0375,11,2920.45,0,1
2025-03-21,CLAIM0376,12,5131.03,1,1
2025-03-21,CLAIM0377,24,2081.62,0,1
2025-03-21,CLAIM0378,29,5974.54,0,1
2025-03-21,CLAIM0379,19,3576.24,0,1
2025-03-21,CLAIM0380,26,1769.48,1,1
2025-03-21,CLAIM0381,15,4114.69,0,1
2025-03-21,CLAIM0382,18,5474.61,1,1
2025-03-21,CLAIM0383,20,5387.3,0,1
2025-03-21,CLAIM0384,18,1221.88,1,1
2025-03-21,CLAIM0385,19,5047.58,0,1
2025-03-21,CLAIM0386,14,4676.06,0,1
2025-03-21,CLAIM0387,24,1025.41,0,1
2025-03-22,CLAIM0388,25,3479.38,0,1
2025-03-22,CLAIM0389,25,4416.29,0,1
2025-03-22,CLAIM0390,26,1307.59,1,1
2025-03-22,CLAIM0391,28,5123.4,0,1
2025-03-22,CLAIM0392,11,3718.89,1,1
2025-03-22,CLAIM0393,10,5393.15,0,1
2025-03-22,CLAIM0394,17,2226.43,0,1
2025-03-22,CLAIM0395,25,4541.81,1,1
2025-03-22,CLAIM0396,19,1529.17,0,1
2025-03-22,CLAIM0397,16,5408.19,1,1
2025-03-22,CLAIM0398,28,5395.36,0,1
2025-03-22,CLAIM0399,20,2143.13,1,1
2025-03-22,CLAIM0400,27,5089.84,1,1
2025-03-22,CLAIM0401,21,1031.93,0,1
2025-03-22,CLAIM0402,23,2632.17,0,1
2025-03-22,CLAIM0403,17,2299.02,0,1
2025-03-22,CLAIM0404,22,4899.23,0,1
2025-03-22,CLAIM0405,16,3706.33,1,1
2025-03-22,CLAIM0406,24,5660.14,0,1
2025-03-22,CLAIM0407,13,1868.77,0,1
2025-03-22,CLAIM0408,13,2504.82,0,1
2025-03-22,CLAIM0409,26,3910.85,0,1
2025-03-22,CLAIM0410,27,5357.68,1,1
2025-03-22,CLAIM0411,21,4748.26,0,1
2025-03-22,CLAIM0412,21,1122.93,0,1
2025-03-23,CLAIM0413,15,2859.17,1,1
2025-03-23,CLAIM0414,20,4416.48,0,1
2025-03-23,CLAIM0415,23,3342.7,1,1
2025-03-23,CLAIM0416,12,3256.94,0,1
2025-03-23,CLAIM0417,20,2103.85,0,1
2025-03-23,CLAIM0418,23,2150.27,0,1
2025-03-23,CLAIM0419,12,5754.32,0,1
2025-03-23,CLAIM0420,24,3098.64,0,1
2025-03-23,CLAIM0421,15,4800.47,0,1
2025-03-23,CLAIM0422,10,2603.71,0,1
2025-03-23,CLAIM0423,11,2065.52,0,1
2025-03-23,CLAIM0424,21,3813.75,0,1
2025-03-23,CLAIM0425,17,1796.23,0,1
2025-03-23,CLAIM0426,17,4854.61,1,1
2025-03-23,CLAIM0427,29,1089.31,0,1
2025-03-23,CLAIM0428,21,1162.63,1,1
2025-03-23,CLAIM0429,12,1927.29,0,1
2025-03-23,CLAIM0430,23,3991.64,0,1
2025-03-23,CLAIM0431,29,3151.53,0,1
2025-03-23,CLAIM0432,11,4987.8,0,1
2025-03-23,CLAIM0433,22,1747.9,0,1
2025-03-23,CLAIM0434,27,3399.69,0,1
2025-03-23,CLAIM0435,20,4474.91,1,1
2025-03-23,CLAIM0436,15,5539.09,0,1
2025-03-24,CLAIM0437,28,1524.65,0,1
2025-03-24,CLAIM0438,23,1712.48,0,1
2025-03-24,CLAIM0439,29,2730.08,0,1
2025-03-24,CLAIM0440,27,2632.31,0,1
2025-03-24,CLAIM0441,10,5412.67,0,1
2025-03-24,CLAIM0442,22,1392.89,0,1
2025-03-24,CLAIM0443,11,5887.33,0,1
2025-03-24,CLAIM0444,27,5107.2,0,1
2025-03-24,CLAIM0445,21,1522.84,0,1
2025-03-24,CLAIM0446,12,5481.11,0,1
2025-03-24,CLAIM0447,18,1259.86,0,1
2025-03-24,CLAIM0448,27,5676.01,1,1
2025-03-24,CLAIM0449,29,2697.25,1,1
2025-03-24,CLAIM0450,16,4304.1,0,1
2025-03-24,CLAIM0451,15,5086.49,0,1
2025-03-24,CLAIM0452,12,1203.77,0,1
2025-03-24,CLAIM0453,23,1408.15,0,1
2025-03-24,CLAIM0454,21,1797.72,1,1
2025-03-24,CLAIM0455,28,5879.33,0,1
2025-03-24,CLAIM0456,17,5359.16,0,1
2025-03-24,CLAIM0457,28,1808.36,0,1
2025-03-24,CLAIM0458,28,2142.27,1,1
2025-03-24,CLAIM0459,18,3466.38,0,1
2025-03-24,CLAIM0460,28,4401.14,0,1
2025-03-25,CLAIM0461,24,2288.41,0,1
2025-03-25,CLAIM0462,29,4143.82,0,1
2025-03-25,CLAIM0463,29,3524.22,0,1
2025-03-25,CLAIM0464,28,3893.38,0,1
2025-03-25,CLAIM0465,11,3433.34,1,1
2025-03-25,CLAIM0466,11,4964.78,0,1
2025-03-25,CLAIM0467,28,3961.75,1,1
2025-03-25,CLAIM0468,21,2919.24,0,1
2025-03-25,CLAIM0469,24,2178.96,0,1
2025-03-25,CLAIM0470,13,5545.16,0,1
2025-03-25,CLAIM0471,21,2864.24,0,1
2025-03-25,CLAIM0472,14,5271.93,0,1
2025-03-25,CLAIM0473,24,3964.59,0,1
2025-03-25,CLAIM0474,29,3964.75,0,1
2025-03-25,CLAIM0475,11,5289.93,0,1
2025-03-25,CLAIM0476,10,4867.37,0,1
2025-03-25,CLAIM0477,22,2185.14,0,1
2025-03-25,CLAIM0478,19,1367.48,0,1
2025-03-25,CLAIM0479,19,3243.89,0,1
2025-03-25,CLAIM0480,18,3154.44,0,1
2025-03-25,CLAIM0481,20,5742.92,0,1
2025-03-25,CLAIM0482,29,2896.79,0,1
2025-03-25,CLAIM0483,24,4319.02,0,1
2025-03-25,CLAIM0484,26,4526.93,0,1
2025-03-25,CLAIM0485,24,5341.36,0,1
2025-03-25,CLAIM0486,29,2348.75,0,1
2025-03-25,CLAIM0487,14,5683.03,0,1
2025-03-25,CLAIM0488,12,3261.0,1,1
2025-03-26,CLAIM0489,14,1516.54,0,1
2025-03-26,CLAIM0490,21,1741.72,1,1
2025-03-26,CLAIM0491,20,1086.9,0,1
2025-03-26,CLAIM0492,16,3273.7,0,1
2025-03-26,CLAIM0493,27,2713.27,0,1
2025-03-26,CLAIM0494,22,1717.71,1,1
2025-03-26,CLAIM0495,17,5849.56,0,1
2025-03-26,CLAIM0496,17,1780.82,0,1
2025-03-26,CLAIM0497,24,1885.75,0,1
2025-03-26,CLAIM0498,20,4416.24,0,1
2025-03-26,CLAIM0499,26,5154.39,1,1
2025-03-26,CLAIM0500,26,1151.94,1,1
2025-03-26,CLAIM0501,23,5593.39,0,1
2025-03-26,CLAIM0502,25,5134.19,0,1
2025-03-26,CLAIM0503,18,1532.97,0,1
2025-03-26,CLAIM0504,27,4024.77,0,1
2025-03-26,CLAIM0505,10,3034.54,1,1
2025-03-26,CLAIM0506,18,1452.41,0,1
2025-03-26,CLAIM0507,20,5392.58,0,1
2025-03-26,CLAIM0508,23,5628.37,0,1
2025-03-26,CLAIM0509,11,4811.43,0,1
2025-03-27,CLAIM0510,28,5344.5,0,1
2025-03-27,CLAIM0511,16,1028.79,0,1
2025-03-27,CLAIM0512,21,4049.16,0,1
2025-03-27,CLAIM0513,28,2942.79,0,1
2025-03-27,CLAIM0514,26,3728.43,0,1
2025-03-27,CLAIM0515,15,1365.98,0,1
2025-03-27,CLAIM0516,23,4212.88,0,1
2025-03-27,CLAIM0517,18,2898.93,1,1
2025-03-27,CLAIM0518,25,5235.84,1,1
2025-03-27,CLAIM0519,21,1744.96,0,1
2025-03-27,CLAIM0520,24,3668.01,0,1
2025-03-27,CLAIM0521,25,3747.07,0,1
2025-03-27,CLAIM0522,21,5777.62,0,1
2025-03-27,CLAIM0523,20,1037.81,0,1
2025-03-27,CLAIM0524,24,2217.41,1,1
2025-03-27,CLAIM0525,24,1985.77,0,1
2025-03-27,CLAIM0526,28,1507.1,0,1
2025-03-27,CLAIM0527,25,3615.42,0,1
2025-03-27,CLAIM0528,24,3661.3,0,1
2025-03-27,CLAIM0529,19,4051.67,0,1
2025-03-27,CLAIM0530,26,5883.63,1,1
2025-03-27,CLAIM0531,20,1616.11,1,1
2025-03-27,CLAIM0532,16,3625.82,0,1
2025-03-27,CLAIM0533,26,3836.56,0,1
2025-03-27,CLAIM0534,13,3122.64,0,1
2025-03-27,CLAIM0535,10,2867.55,0,1
2025-03-27,CLAIM0536,24,5757.02,0,1
2025-03-27,CLAIM0537,18,4968.72,0,1
2025-03-27,CLAIM0538,19,5500.12,0,1
2025-03-28,CLAIM0539,14,2510.3,0,1
2025-03-28,CLAIM0540,13,3118.69,0,1
2025-03-28,CLAIM0541,27,4833.28,0,1
2025-03-28,CLAIM0542,27,1764.92,0,1
2025-03-28,CLAIM0543,21,5313.99,0,1
2025-03-28,CLAIM0544,26,1892.23,0,1
2025-03-28,CLAIM0545,12,4035.47,0,1
2025-03-28,CLAIM0546,19,2284.42,0,1
2025-03-28,CLAIM0547,11,2372.7,0,1
2025-03-28,CLAIM0548,27,3021.59,0,1
2025-03-28,CLAIM0549,16,4622.58,0,1
2025-03-28,CLAIM0550,23,1520.55,0,1
2025-03-29,CLAIM0551,19,5527.62,0,1
2025-03-29,CLAIM0552,13,1428.29,1,1
2025-03-29,CLAIM0553,12,3005.94,0,1
2025-03-29,CLAIM0554,15,2774.98,0,1
2025-03-29,CLAIM0555,26,5159.32,0,1
2025-03-29,CLAIM0556,21,2168.56,0,1
2025-03-29,CLAIM0557,15,3964.06,0,1
2025-03-29,CLAIM0558,21,2621.67,0,1
2025-03-29,CLAIM0559,15,1261.69,0,1
2025-03-29,CLAIM0560,15,3788.92,0,1
2025-03-29,CLAIM0561,29,1300.71,0,1
2025-03-29,CLAIM0562,13,5808.33,0,1
2025-03-29,CLAIM0563,24,2004.67,0,1
2025-03-29,CLAIM0564,25,1006.18,0,1
2025-03-30,CLAIM0565,17,4977.25,1,1
2025-03-30,CLAIM0566,22,1599.15,1,1
2025-03-30,CLAIM0567,14,4685.9,0,1
2025-03-30,CLAIM0568,10,5210.17,0,1
2025-03-30,CLAIM0569,15,2285.24,0,1
2025-03-30,CLAIM0570,10,4042.43,0,1
2025-03-30,CLAIM0571,29,4543.72,0,1
2025-03-30,CLAIM0572,10,2136.79,0,1
2025-03-30,CLAIM0573,18,1438.21,1,1
2025-03-30,CLAIM0574,18,3548.62,1,1
2025-03-30,CLAIM0575,13,5366.68,0,1
2025-03-30,CLAIM0576,20,3872.94,0,1
2025-03-30,CLAIM0577,29,2042.55,1,1
2025-03-30,CLAIM0578,19,3698.66,0,1
2025-03-30,CLAIM0579,19,5340.28,1,1
2025-03-30,CLAIM0580,25,2059.91,1,1
2025-03-30,CLAIM0581,24,3014.9,0,1
2025-03-30,CLAIM0582,11,2118.07,1,1
2025-03-30,CLAIM0583,27,4204.86,1,1
2025-03-30,CLAIM0584,10,5613.79,0,1
2025-03-30,CLAIM0585,23,5491.31,1,1
2025-03-30,CLAIM0586,29,3512.83,0,1
2025-03-30,CLAIM0587,22,2837.67,0,1
2025-03-30,CLAIM0588,11,3530.54,0,1
2025-03-30,CLAIM0589,22,3747.65,1,1
2025-03-30,CLAIM0590,22,5682.25,1,1
2025-03-30,CLAIM0591,15,1001.66,0,1
2025-03-30,CLAIM0592,11,4251.01,0,1
2025-03-31,CLAIM0593,28,3822.21,0,1
2025-03-31,CLAIM0594,11,3423.01,0,1
2025-03-31,CLAIM0595,24,5918.39,0,1
2025-03-31,CLAIM0596,12,1373.15,0,1
2025-03-31,CLAIM0597,23,1505.23,0,1
2025-03-31,CLAIM0598,10,3547.11,1,1
2025-03-31,CLAIM0599,26,2163.23,0,1
2025-03-31,CLAIM0600,29,4278.62,1,1
2025-03-31,CLAIM0601,27,1653.55,1,1
2025-03-31,CLAIM0602,12,2838.8,0,1
2025-03-31,CLAIM0603,23,1884.44,0,1
2025-03-31,CLAIM0604,14,1055.16,0,1
2025-03-31,CLAIM0605,15,2299.07,0,1
2025-03-31,CLAIM0606,16,4094.74,0,1
2025-03-31,CLAIM0607,27,4146.49,0,1
2025-03-31,CLAIM0608,14,5797.88,0,1
2025-04-01,CLAIM0609,12,2329.26,0,1
2025-04-01,CLAIM0610,29,2330.1,0,1
2025-04-01,CLAIM0611,13,5323.3,0,1
2025-04-01,CLAIM0612,27,3380.09,0,1
2025-04-01,CLAIM0613,29,5297.83,0,1
2025-04-01,CLAIM0614,19,5460.42,1,1
2025-04-01,CLAIM0615,26,4293.46,1,1
2025-04-01,CLAIM0616,11,3188.02,0,1
2025-04-01,CLAIM0617,19,5651.59,0,1
2025-04-01,CLAIM0618,17,3307.39,0,1
2025-04-01,CLAIM0619,11,2931.74,0,1
2025-04-01,CLAIM0620,26,4069.67,0,1
2025-04-01,CLAIM0621,22,1750.85,0,1
2025-04-01,CLAIM0622,10,3216.37,0,1
2025-04-01,CLAIM0623,17,1423.96,0,1
2025-04-01,CLAIM0624,22,5010.65,0,1
2025-04-01,CLAIM0625,26,5782.51,0,1
2025-04-01,CLAIM0626,23,5957.94,1,1
2025-04-02,CLAIM0627,28,4306.85,0,1
2025-04-02,CLAIM0628,20,3060.65,0,1
2025-04-02,CLAIM0629,17,2325.23,0,1
2025-04-02,CLAIM0630,25,5839.3,0,1
2025-04-02,CLAIM0631,17,4123.32,0,1
2025-04-02,CLAIM0632,27,1052.14,0,1
2025-04-02,CLAIM0633,13,4873.17,0,1
2025-04-02,CLAIM0634,27,2611.08,0,1
2025-04-02,CLAIM0635,17,1569.78,0,1
2025-04-02,CLAIM0636,25,5058.85,0,1
2025-04-02,CLAIM0637,20,1218.68,0,1
2025-04-02,CLAIM0638,27,2123.08,0,1
2025-04-02,CLAIM0639,23,3197.02,0,1
2025-04-02,CLAIM0640,29,2203.46,0,1
2025-04-02,CLAIM0641,28,5434.62,0,1
2025-04-02,CLAIM0642,12,4357.27,0,1
2025-04-03,CLAIM0643,16,5232.57,1,1
2025-04-03,CLAIM0644,27,4180.35,0,1
2025-04-03,CLAIM0645,17,4740.96,0,1
2025-04-03,CLAIM0646,21,1269.29,0,1
2025-04-03,CLAIM0647,20,2346.66,0,1
2025-04-03,CLAIM0648,22,1824.07,0,1
2025-04-03,CLAIM0649,24,1459.35,1,1
2025-04-03,CLAIM0650,24,3529.26,1,1
2025-04-03,CLAIM0651,22,3067.08,0,1
2025-04-03,CLAIM0652,10,3541.8,0,1
2025-04-03,CLAIM0653,28,1757.85,0,1
2025-04-03,CLAIM0654,21,4181.46,0,1
2025-04-03,CLAIM0655,24,1804.24,0,1
2025-04-03,CLAIM0656,17,2233.39,0,1
2025-04-03,CLAIM0657,10,2389.51,0,1
2025-04-03,CLAIM0658,19,4287.8,0,1
2025-04-03,CLAIM0659,23,4079.93,0,1
2025-04-03,CLAIM0660,18,2876.3,0,1
2025-04-03,CLAIM0661,13,1026.15,0,1
2025-04-03,CLAIM0662,21,4728.67,0,1
2025-04-03,CLAIM0663,11,4793.38,0,1
2025-04-03,CLAIM0664,25,1744.44,0,1
2025-04-03,CLAIM0665,28,5981.67,0,1
2025-04-03,CLAIM0666,13,4610.35,1,1
2025-04-03,CLAIM0667,12,1689.11,0,1
2025-04-03,CLAIM0668,17,1891.86,0,1
2025-04-03,CLAIM0669,23,2777.47,0,1
2025-04-04,CLAIM0670,29,3011.64,1,1
2025-04-04,CLAIM0671,23,4617.02,0,1
2025-04-04,CLAIM0672,29,3803.3,0,1
2025-04-04,CLAIM0673,11,3996.84,0,1
2025-04-04,CLAIM0674,28,3491.28,0,1
2025-04-04,CLAIM0675,22,4729.63,1,1
2025-04-04,CLAIM0676,13,3586.35,0,1
2025-04-04,CLAIM0677,13,1611.88,0,1
2025-04-04,CLAIM0678,10,1443.0,0,1
2025-04-04,CLAIM0679,24,5991.74,1,1
2025-04-04,CLAIM0680,22,1867.4,0,1
2025-04-04,CLAIM0681,29,4928.26,0,1
2025-04-04,CLAIM0682,15,5955.63,0,1
2025-04-05,CLAIM0683,16,3859.36,0,1
2025-04-05,CLAIM0684,29,2811.18,0,1
2025-04-05,CLAIM0685,22,4501.26,0,1
2025-04-05,CLAIM0686,22,4488.35,1,1
2025-04-05,CLAIM0687,28,5703.4,0,1
2025-04-05,CLAIM0688,23,2127.71,0,1
2025-04-05,CLAIM0689,14,3404.53,0,1
2025-04-05,CLAIM0690,14,4530.1,0,1
2025-04-05,CLAIM0691,16,5519.57,1,1
2025-04-05,CLAIM0692,13,4827.56,0,1
2025-04-05,CLAIM0693,21,1676.77,0,1
2025-04-05,CLAIM0694,13,1067.01,0,1
2025-04-05,CLAIM0695,19,2410.94,0,1
2025-04-05,CLAIM0696,12,2378.06,0,1
2025-04-05,CLAIM0697,19,2359.75,0,1
2025-04-05,CLAIM0698,19,5223.95,0,1
2025-04-05,CLAIM0699,18,3437.86,0,1
2025-04-05,CLAIM0700,29,4098.5,0,1
2025-04-05,CLAIM0701,13,2575.95,0,1
2025-04-05,CLAIM0702,15,5499.17,0,1
2025-04-05,CLAIM0703,20,5816.97,0,1
2025-04-05,CLAIM0704,16,2967.24,1,1
2025-04-05,CLAIM0705,23,4654.1,1,1
2025-04-06,CLAIM0706,27,1724.83,0,1
2025-04-06,CLAIM0707,14,3826.65,0,1
2025-04-06,CLAIM0708,21,2747.53,0,1
2025-04-06,CLAIM0709,27,4600.04,0,1
2025-04-06,CLAIM0710,16,4418.77,0,1
2025-04-06,CLAIM0711,11,3019.89,0,1
2025-04-06,CLAIM0712,16,4539.18,0,1
2025-04-06,CLAIM0713,15,2130.74,1,1
2025-04-06,CLAIM0714,19,1828.87,1,1
2025-04-06,CLAIM0715,25,2080.45,0,1
2025-04-06,CLAIM0716,25,3058.83,0,1
2025-04-06,CLAIM0717,21,1311.37,0,1
2025-04-06,CLAIM0718,19,5890.31,0,1
2025-04-06,CLAIM0719,26,2006.82,0,1
2025-04-06,CLAIM0720,29,3724.24,0,1
2025-04-06,CLAIM0721,29,3596.93,0,1
2025-04-06,CLAIM0722,24,5397.91,1,1
2025-04-06,CLAIM0723,18,3800.91,0,1
2025-04-06,CLAIM0724,26,1135.84,0,1
2025-04-06,CLAIM0725,12,5546.1,0,1
2025-04-06,CLAIM0726,29,4991.72,0,1
2025-04-06,CLAIM0727,27,1467.04,0,1
2025-04-06,CLAIM0728,20,2018.83,0,1
2025-04-06,CLAIM0729,18,3887.97,0,1
2025-04-06,CLAIM0730,18,2979.85,1,1
2025-04-06,CLAIM0731,17,3600.95,0,1
2025-04-06,CLAIM0732,15,4966.31,0,1
2025-04-07,CLAIM0733,12,2815.5,1,1
2025-04-07,CLAIM0734,20,5917.61,0,1
2025-04-07,CLAIM0735,10,1166.92,0,1
2025-04-07,CLAIM0736,25,1760.52,0,1
2025-04-07,CLAIM0737,15,5838.78,1,1
2025-04-07,CLAIM0738,18,5018.02,0,1
2025-04-07,CLAIM0739,25,5942.08,0,1
2025-04-07,CLAIM0740,22,2615.06,1,1
2025-04-07,CLAIM0741,14,3798.78,0,1
2025-04-07,CLAIM0742,29,5451.29,0,1
2025-04-07,CLAIM0743,14,5867.29,0,1
2025-04-07,CLAIM0744,18,5095.32,0,1
2025-04-07,CLAIM0745,28,4797.91,1,1
2025-04-07,CLAIM0746,11,5108.18,0,1
2025-04-07,CLAIM0747,11,5096.28,1,1
2025-04-07,CLAIM0748,25,4560.07,1,1
2025-04-07,CLAIM0749,10,2199.37,0,1
2025-04-07,CLAIM0750,18,4698.36,0,1
2025-04-08,CLAIM0751,20,4255.74,0,1
2025-04-08,CLAIM0752,26,5207.24,0,1
2025-04-08,CLAIM0753,24,2269.87,0,1
2025-04-08,CLAIM0754,25,1531.72,0,1
2025-04-08,CLAIM0755,24,1874.41,1,1
2025-04-08,CLAIM0756,10,5185.21,0,1
2025-04-08,CLAIM0757,12,4470.75,0,1
2025-04-08,CLAIM0758,15,2801.89,0,1
2025-04-08,CLAIM0759,23,4796.24,1,1
2025-04-08,CLAIM0760,26,4830.32,0,1
2025-04-08,CLAIM0761,22,5494.24,0,1
2025-04-09,CLAIM0762,15,4353.66,0,1
2025-04-09,CLAIM0763,11,3235.28,0,1
2025-04-09,CLAIM0764,13,2908.06,0,1
2025-04-09,CLAIM0765,28,5884.0,0,1
2025-04-09,CLAIM0766,29,1090.0,0,1
2025-04-09,CLAIM0767,23,5590.38,0,1
2025-04-09,CLAIM0768,25,4538.44,1,1
2025-04-09,CLAIM0769,12,4769.81,1,1
2025-04-09,CLAIM0770,29,5908.99,0,1
2025-04-09,CLAIM0771,18,2523.76,1,1
2025-04-09,CLAIM0772,28,5363.77,0,1
2025-04-09,CLAIM0773,15,1601.24,0,1
2025-04-09,CLAIM0774,26,2209.47,0,1
2025-04-09,CLAIM0775,29,2506.33,0,1
2025-04-09,CLAIM0776,12,2131.76,0,1
2025-04-09,CLAIM0777,18,1240.71,1,1
2025-04-09,CLAIM0778,17,5386.31,0,1
2025-04-09,CLAIM0779,18,5945.14,0,1
2025-04-09,CLAIM0780,25,2197.55,0,1
2025-04-09,CLAIM0781,21,3914.03,1,1
2025-04-09,CLAIM0782,27,3866.75,0,1
2025-04-09,CLAIM0783,25,5156.87,0,1
2025-04-09,CLAIM0784,10,4687.83,0,1
2025-04-09,CLAIM0785,18,4346.0,1,1
2025-04-09,CLAIM0786,10,1125.71,0,1
2025-04-09,CLAIM0787,17,2584.73,0,1
2025-04-09,CLAIM0788,24,1687.62,0,1
2025-04-09,CLAIM0789,29,3216.9,0,1
2025-04-09,CLAIM0790,28,3226.23,0,1
2025-04-10,CLAIM0791,28,2187.17,0,1
2025-04-10,CLAIM0792,13,2922.56,0,1
2025-04-10,CLAIM0793,21,5752.66,0,1
2025-04-10,CLAIM0794,18,3531.33,0,1
2025-04-10,CLAIM0795,15,5457.4,0,1
2025-04-10,CLAIM0796,21,4020.36,1,1
2025-04-10,CLAIM0797,28,2384.07,1,1
2025-04-10,CLAIM0798,22,3410.21,0,1
2025-04-10,CLAIM0799,12,3237.34,0,1
2025-04-10,CLAIM0800,26,3582.86,0,1
2025-04-10,CLAIM0801,23,1247.48,1,1
2025-04-10,CLAIM0802,29,1540.13,0,1
2025-04-10,CLAIM0803,26,2092.55,0,1
2025-04-10,CLAIM0804,18,2985.08,0,1
2025-04-10,CLAIM0805,18,5091.03,0,1
2025-04-10,CLAIM0806,16,3873.9,0,1
2025-04-10,CLAIM0807,20,1224.27,0,1
2025-04-10,CLAIM0808,23,1826.02,0,1
2025-04-10,CLAIM0809,28,3055.11,1,1
2025-04-10,CLAIM0810,22,4039.53,0,1
2025-04-10,CLAIM0811,22,4592.15,1,1
2025-04-10,CLAIM0812,14,1007.83,0,1
2025-04-10,CLAIM0813,22,5147.94,0,1
2025-04-10,CLAIM0814,29,4432.95,0,1
2025-04-11,CLAIM0815,10,3281.18,0,1
2025-04-11,CLAIM0816,28,3981.61,0,1
2025-04-11,CLAIM0817,26,1355.04,0,1
2025-04-11,CLAIM0818,24,4749.25,0,1
2025-04-11,CLAIM0819,18,4232.25,1,1
2025-04-11,CLAIM0820,22,1050.66,0,1
2025-04-11,CLAIM0821,18,4062.87,1,1
2025-04-11,CLAIM0822,29,4189.39,0,1
2025-04-11,CLAIM0823,15,5145.09,1,1
2025-04-11,CLAIM0824,11,1058.53,0,1
2025-04-11,CLAIM0825,12,3244.27,0,1
2025-04-11,CLAIM0826,24,1218.7,0,1
2025-04-11,CLAIM0827,26,2080.26,0,1
2025-04-11,CLAIM0828,15,5228.02,0,1
2025-04-11,CLAIM0829,27,3019.49,0,1
2025-04-11,CLAIM0830,18,2531.57,0,1
2025-04-12,CLAIM0831,21,4991.9,1,1
2025-04-12,CLAIM0832,21,5583.18,0,1
2025-04-12,CLAIM0833,17,5448.26,0,1
2025-04-12,CLAIM0834,13,2964.87,0,1
2025-04-12,CLAIM0835,11,1834.3,0,1
2025-04-12,CLAIM0836,13,1223.89,0,1
2025-04-12,CLAIM0837,24,1772.3,0,1
2025-04-12,CLAIM0838,27,4184.51,0,1
2025-04-12,CLAIM0839,20,2556.09,0,1
2025-04-12,CLAIM0840,14,3655.43,1,1
2025-04-12,CLAIM0841,21,3798.44,0,1
2025-04-12,CLAIM0842,26,1702.76,0,1
2025-04-12,CLAIM0843,12,5820.09,0,1
2025-04-12,CLAIM0844,23,1154.78,0,1
2025-04-12,CLAIM0845,19,2977.17,0,1
2025-04-12,CLAIM0846,24,3439.26,0,1
2025-04-12,CLAIM0847,14,5779.59,0,1
2025-04-12,CLAIM0848,15,4014.71,1,1
2025-04-12,CLAIM0849,26,1441.01,0,1
2025-04-12,CLAIM0850,29,1154.69,1,1
2025-04-12,CLAIM0851,13,5900.54,0,1
2025-04-13,CLAIM0852,22,3708.52,0,1
2025-04-13,CLAIM0853,28,2780.93,1,1
2025-04-13,CLAIM0854,22,1973.12,0,1
2025-04-13,CLAIM0855,23,4386.94,0,1
2025-04-13,CLAIM0856,20,3788.54,0,1
2025-04-13,CLAIM0857,12,1752.61,1,1
2025-04-13,CLAIM0858,13,3008.89,1,1
2025-04-13,CLAIM0859,27,4117.03,0,1
2025-04-13,CLAIM0860,28,2006.56,0,1
2025-04-13,CLAIM0861,14,3377.73,0,1
2025-04-13,CLAIM0862,28,1661.86,0,1
2025-04-13,CLAIM0863,11,4610.72,0,1
2025-04-13,CLAIM0864,21,1189.91,0,1
2025-04-13,CLAIM0865,16,1624.1,0,1
2025-04-13,CLAIM0866,29,3333.91,0,1
2025-04-13,CLAIM0867,15,1743.98,0,1
2025-04-13,CLAIM0868,25,1468.36,0,1
2025-04-14,CLAIM0869,15,3943.66,0,1
2025-04-14,CLAIM0870,15,3612.22,0,1
2025-04-14,CLAIM0871,24,4028.78,1,1
2025-04-14,CLAIM0872,28,3886.4,1,1
2025-04-14,CLAIM0873,23,3279.9,0,1
2025-04-14,CLAIM0874,24,4822.64,0,1
2025-04-14,CLAIM0875,22,3382.42,1,1
2025-04-14,CLAIM0876,17,5269.81,0,1
2025-04-14,CLAIM0877,26,2492.17,0,1
2025-04-14,CLAIM0878,15,2280.24,0,1
2025-04-14,CLAIM0879,24,4132.96,1,1
2025-04-14,CLAIM0880,25,4812.98,1,1
2025-04-14,CLAIM0881,20,5360.24,0,1
2025-04-14,CLAIM0882,25,5098.99,0,1
2025-04-14,CLAIM0883,12,2053.52,1,1
2025-04-14,CLAIM0884,24,5952.73,0,1
2025-04-14,CLAIM0885,26,1449.06,0,1
2025-04-14,CLAIM0886,12,4689.35,1,1
2025-04-14,CLAIM0887,10,1345.15,0,1
2025-04-14,CLAIM0888,17,4844.61,0,1
2025-04-14,CLAIM0889,10,5229.61,0,1
2025-04-14,CLAIM0890,17,2995.5,0,1
2025-04-14,CLAIM0891,23,3037.72,0,1
2025-04-14,CLAIM0892,15,2530.69,0,1
2025-04-15,CLAIM0893,23,5041.18,1,1
2025-04-15,CLAIM0894,11,1030.44,0,1
2025-04-15,CLAIM0895,15,2497.83,0,1
2025-04-15,CLAIM0896,11,4972.58,0,1
2025-04-15,CLAIM0897,11,1364.51,0,1
2025-04-15,CLAIM0898,24,2055.56,1,1
2025-04-15,CLAIM0899,12,5017.41,1,1
2025-04-15,CLAIM0900,16,3382.18,0,1
2025-04-15,CLAIM0901,18,2096.37,0,1
2025-04-15,CLAIM0902,28,2789.07,0,1
2025-04-15,CLAIM0903,26,4598.96,1,1
2025-04-15,CLAIM0904,19,3929.32,0,1
2025-04-16,CLAIM0905,29,4185.45,0,1
2025-04-16,CLAIM0906,27,4569.76,1,1
2025-04-16,CLAIM0907,24,3762.5,0,1
2025-04-16,CLAIM0908,22,5583.96,0,1
2025-04-16,CLAIM0909,21,3483.48,0,1
2025-04-16,CLAIM0910,27,5118.89,0,1
2025-04-16,CLAIM0911,18,4743.23,0,1
2025-04-16,CLAIM0912,26,3555.65,0,1
2025-04-16,CLAIM0913,15,5478.63,0,1
2025-04-16,CLAIM0914,17,1019.1,0,1
2025-04-16,CLAIM0915,20,5133.57,0,1
2025-04-16,CLAIM0916,18,5213.56,0,1
2025-04-16,CLAIM0917,13,5536.0,1,1
2025-04-16,CLAIM0918,28,5549.72,0,1
2025-04-16,CLAIM0919,21,4375.7,0,1
2025-04-16,CLAIM0920,10,5650.85,1,1
2025-04-16,CLAIM0921,19,1695.58,0,1
2025-04-16,CLAIM0922,20,4331.93,1,1
2025-04-16,CLAIM0923,21,1648.0,0,1
2025-04-16,CLAIM0924,18,1526.82,0,1
2025-04-16,CLAIM0925,21,5997.33,0,1
2025-04-16,CLAIM0926,25,2925.6,1,1
2025-04-16,CLAIM0927,12,3288.5,0,1
2025-04-17,CLAIM0928,23,4853.9,0,1
2025-04-17,CLAIM0929,16,4837.84,0,1
2025-04-17,CLAIM0930,22,3078.99,0,1
2025-04-17,CLAIM0931,18,4286.77,0,1
2025-04-17,CLAIM0932,10,4981.2,0,1
2025-04-17,CLAIM0933,22,2476.51,0,1
2025-04-17,CLAIM0934,16,1628.62,0,1
2025-04-17,CLAIM0935,15,4224.16,0,1
2025-04-17,CLAIM0936,17,3340.77,0,1
2025-04-17,CLAIM0937,20,2838.93,0,1
2025-04-17,CLAIM0938,19,3719.03,0,1
2025-04-17,CLAIM0939,19,1073.47,0,1
2025-04-17,CLAIM0940,11,1096.64,0,1
2025-04-17,CLAIM0941,19,1157.11,0,1
2025-04-17,CLAIM0942,15,3654.69,0,1
2025-04-17,CLAIM0943,20,5388.24,0,1
2025-04-17,CLAIM0944,15,4811.55,0,1
2025-04-17,CLAIM0945,25,4864.61,0,1
2025-04-17,CLAIM0946,21,1627.75,0,1
2025-04-17,CLAIM0947,24,5035.78,0,1
2025-04-17,CLAIM0948,15,3177.54,0,1
2025-04-17,CLAIM0949,10,4695.13,0,1
2025-04-17,CLAIM0950,21,1006.77,0,1
2025-04-17,CLAIM0951,13,3741.91,1,1
2025-04-17,CLAIM0952,28,1117.97,1,1
2025-04-17,CLAIM0953,10,4030.73,0,1
2025-04-18,CLAIM0954,22,2990.03,0,1
2025-04-18,CLAIM0955,12,4550.68,1,1
2025-04-18,CLAIM0956,11,3420.39,0,1
2025-04-18,CLAIM0957,21,1289.22,1,1
2025-04-18,CLAIM0958,18,2195.79,0,1
2025-04-18,CLAIM0959,29,3722.41,1,1
2025-04-18,CLAIM0960,18,2024.91,0,1
2025-04-18,CLAIM0961,16,1704.01,0,1
2025-04-18,CLAIM0962,19,2575.74,0,1
2025-04-18,CLAIM0963,22,5055.62,0,1
2025-04-18,CLAIM0964,24,1819.41,0,1
2025-04-18,CLAIM0965,10,2725.96,1,1
2025-04-18,CLAIM0966,24,1303.14,0,1
2025-04-19,CLAIM0967,26,5653.03,0,1
2025-04-19,CLAIM0968,18,3238.37,0,1
2025-04-19,CLAIM0969,27,2509.58,0,1
2025-04-19,CLAIM0970,23,1381.2,0,1
2025-04-19,CLAIM0971,27,3734.3,0,1
2025-04-19,CLAIM0972,12,1828.75,0,1
2025-04-19,CLAIM0973,21,5488.37,0,1
2025-04-19,CLAIM0974,26,5905.96,0,1
2025-04-19,CLAIM0975,20,2959.29,0,1
2025-04-19,CLAIM0976,18,1984.63,1,1
2025-04-19,CLAIM0977,25,3033.37,1,1
2025-04-19,CLAIM0978,21,2297.71,0,1
2025-04-19,CLAIM0979,28,1880.48,0,1
2025-04-19,CLAIM0980,27,5905.89,0,1
2025-04-19,CLAIM0981,28,4660.61,0,1
2025-04-19,CLAIM0982,26,5800.68,0,1
2025-04-19,CLAIM0983,11,5835.26,0,1
2025-04-19,CLAIM0984,19,3384.5,0,1
2025-04-19,CLAIM0985,24,2160.2,0,1
2025-04-19,CLAIM0986,26,1813.5,0,1
2025-04-19,CLAIM0987,21,1060.52,0,1
2025-04-19,CLAIM0988,14,2884.93,0,1
2025-04-19,CLAIM0989,20,1230.28,1,1
2025-04-19,CLAIM0990,17,5240.21,0,1
2025-04-19,CLAIM0991,14,2229.04,0,1
2025-04-19,CLAIM0992,21,4312.17,0,1
2025-04-19,CLAIM0993,18,1769.04,1,1
2025-04-20,CLAIM0994,11,5966.28,0,1
2025-04-20,CLAIM0995,16,2858.62,0,1
2025-04-20,CLAIM0996,12,1288.51,0,1
2025-04-20,CLAIM0997,23,4110.2,1,1
2025-04-20,CLAIM0998,29,3869.21,0,1
2025-04-20,CLAIM0999,10,2201.99,0,1
2025-04-20,CLAIM1000,22,5871.86,0,1
2025-04-20,CLAIM1001,20,4758.86,0,1
2025-04-20,CLAIM1002,10,1876.11,1,1
2025-04-20,CLAIM1003,22,2124.45,0,1
2025-04-20,CLAIM1004,20,3816.62,0,1
2025-04-20,CLAIM1005,21,4793.88,0,1
2025-04-20,CLAIM1006,16,5470.47,1,1
2025-04-20,CLAIM1007,17,3004.71,0,1
2025-04-20,CLAIM1008,19,5444.44,0,1
2025-04-20,CLAIM1009,22,3955.65,0,1
2025-04-20,CLAIM1010,28,3969.01,0,1
2025-04-21,CLAIM1011,23,1355.79,0,1
2025-04-21,CLAIM1012,24,5397.48,0,1
2025-04-21,CLAIM1013,24,5054.39,1,1
2025-04-21,CLAIM1014,13,4468.09,0,1
2025-04-21,CLAIM1015,19,5123.94,0,1
2025-04-21,CLAIM1016,26,3695.47,0,1
2025-04-21,CLAIM1017,22,1187.86,0,1
2025-04-21,CLAIM1018,18,1000.06,0,1
2025-04-21,CLAIM1019,15,1273.17,1,1
2025-04-21,CLAIM1020,16,2017.89,0,1
2025-04-21,CLAIM1021,29,2152.08,0,1
2025-04-21,CLAIM1022,24,1955.59,0,1
2025-04-21,CLAIM1023,28,4315.24,0,1
2025-04-22,CLAIM1024,14,4795.34,0,1
2025-04-22,CLAIM1025,14,4563.11,1,1
2025-04-22,CLAIM1026,23,1626.78,0,1
2025-04-22,CLAIM1027,24,5033.47,1,1
2025-04-22,CLAIM1028,17,4305.07,0,1
2025-04-22,CLAIM1029,19,4546.6,0,1
2025-04-22,CLAIM1030,18,2344.23,0,1
2025-04-22,CLAIM1031,26,4007.77,0,1
2025-04-22,CLAIM1032,14,1512.58,0,1
2025-04-22,CLAIM1033,28,2846.4,1,1
2025-04-22,CLAIM1034,11,4486.05,0,1
2025-04-23,CLAIM1035,15,5604.97,0,1
2025-04-23,CLAIM1036,16,5252.36,0,1
2025-04-23,CLAIM1037,11,5035.35,0,1
2025-04-23,CLAIM1038,22,2066.97,0,1
2025-04-23,CLAIM1039,12,1594.37,0,1
2025-04-23,CLAIM1040,25,3810.36,1,1
2025-04-23,CLAIM1041,10,2559.92,0,1
2025-04-23,CLAIM1042,13,4931.03,0,1
2025-04-23,CLAIM1043,27,1080.31,0,1
2025-04-23,CLAIM1044,12,1057.09,0,1
2025-04-23,CLAIM1045,23,5216.39,0,1
2025-04-23,CLAIM1046,28,4530.97,0,1
2025-04-23,CLAIM1047,17,1258.34,0,1
2025-04-23,CLAIM1048,25,5313.2,0,1
2025-04-23,CLAIM1049,12,5762.34,0,1
2025-04-24,CLAIM1050,20,5326.48,0,1
2025-04-24,CLAIM1051,13,4125.15,0,1
2025-04-24,CLAIM1052,28,3507.58,0,1
2025-04-24,CLAIM1053,23,4124.37,0,1
2025-04-24,CLAIM1054,25,5909.53,0,1
2025-04-24,CLAIM1055,29,4370.1,0,1
2025-04-24,CLAIM1056,26,1098.98,0,1
2025-04-24,CLAIM1057,14,2764.79,0,1
2025-04-24,CLAIM1058,10,3152.7,1,1
2025-04-24,CLAIM1059,14,1341.77,0,1
2025-04-24,CLAIM1060,27,3163.83,0,1
2025-04-24,CLAIM1061,14,1360.56,0,1
2025-04-24,CLAIM1062,16,5722.24,0,1
2025-04-24,CLAIM1063,16,4161.41,0,1
2025-04-24,CLAIM1064,28,4926.34,0,1
2025-04-24,CLAIM1065,29,2389.26,0,1
2025-04-24,CLAIM1066,19,5573.66,0,1
2025-04-24,CLAIM1067,19,1896.82,1,1
2025-04-24,CLAIM1068,14,5894.79,0,1
2025-04-25,CLAIM1069,27,4522.77,0,1
2025-04-25,CLAIM1070,26,2988.06,0,1
2025-04-25,CLAIM1071,19,3583.95,0,1
2025-04-25,CLAIM1072,11,2437.31,0,1
2025-04-25,CLAIM1073,20,3976.8,0,1
2025-04-25,CLAIM1074,24,5757.12,0,1
2025-04-25,CLAIM1075,29,3995.22,0,1
2025-04-25,CLAIM1076,24,3766.9,0,1
2025-04-25,CLAIM1077,12,2866.3,0,1
2025-04-25,CLAIM1078,18,4533.15,0,1
2025-04-25,CLAIM1079,18,3628.78,0,1
2025-04-25,CLAIM1080,11,5330.48,1,1
2025-04-25,CLAIM1081,19,4061.29,0,1
2025-04-26,CLAIM1082,28,5414.97,0,1
2025-04-26,CLAIM1083,13,4505.7,0,1
2025-04-26,CLAIM1084,10,1076.97,0,1
2025-04-26,CLAIM1085,26,3709.95,1,1
2025-04-26,CLAIM1086,19,2995.18,1,1
2025-04-26,CLAIM1087,19,4697.04,0,1
2025-04-26,CLAIM1088,15,1509.47,0,1
2025-04-26,CLAIM1089,27,1463.13,0,1
2025-04-26,CLAIM1090,24,2293.56,0,1
2025-04-26,CLAIM1091,18,3191.92,1,1
2025-04-26,CLAIM1092,26,3734.38,0,1
2025-04-26,CLAIM1093,27,4570.26,0,1
2025-04-26,CLAIM1094,26,5091.85,0,1
2025-04-26,CLAIM1095,29,1068.73,0,1
2025-04-26,CLAIM1096,23,2354.03,0,1
2025-04-26,CLAIM1097,17,2774.3,0,1
2025-04-26,CLAIM1098,10,4364.36,0,1
2025-04-26,CLAIM1099,25,2665.17,1,1
2025-04-26,CLAIM1100,28,3467.5,0,1
2025-04-26,CLAIM1101,23,2987.24,0,1
2025-04-26,CLAIM1102,23,2457.48,0,1
2025-04-26,CLAIM1103,26,5603.83,0,1
2025-04-26,CLAIM1104,16,2344.27,0,1
2025-04-26,CLAIM1105,14,4332.32,0,1
2025-04-26,CLAIM1106,11,4151.24,0,1
2025-04-26,CLAIM1107,15,3138.01,0,1
2025-04-26,CLAIM1108,20,5681.4,0,1
2025-04-27,CLAIM1109,11,3500.4,0,1
2025-04-27,CLAIM1110,22,2505.23,0,1
2025-04-27,CLAIM1111,20,3455.48,1,1
2025-04-27,CLAIM1112,24,2405.19,0,1
2025-04-27,CLAIM1113,15,4275.87,0,1
2025-04-27,CLAIM1114,15,1559.4,0,1
2025-04-27,CLAIM1115,26,1928.23,0,1
2025-04-27,CLAIM1116,16,4602.83,1,1
2025-04-27,CLAIM1117,28,1552.16,0,1
2025-04-27,CLAIM1118,13,5622.81,0,1
2025-04-27,CLAIM1119,19,3677.77,0,1
2025-04-27,CLAIM1120,29,5363.18,1,1
2025-04-27,CLAIM1121,23,5568.94,1,1
2025-04-27,CLAIM1122,13,4161.08,0,1
2025-04-27,CLAIM1123,16,2158.92,0,1
2025-04-27,CLAIM1124,18,1388.2,1,1
2025-04-27,CLAIM1125,16,1969.32,1,1
2025-04-27,CLAIM1126,19,5421.88,0,1
2025-04-27,CLAIM1127,25,4741.78,0,1
2025-04-27,CLAIM1128,18,1801.83,0,1
2025-04-27,CLAIM1129,22,4609.65,0,1
2025-04-28,CLAIM1130,25,1587.76,0,1
2025-04-28,CLAIM1131,17,5314.86,0,1
2025-04-28,CLAIM1132,21,3574.67,0,1
2025-04-28,CLAIM1133,10,2726.15,0,1
2025-04-28,CLAIM1134,19,5408.31,0,1
2025-04-28,CLAIM1135,24,1526.73,0,1
2025-04-28,CLAIM1136,18,2059.47,0,1
2025-04-28,CLAIM1137,16,1288.66,0,1
2025-04-28,CLAIM1138,28,2678.37,0,1
2025-04-28,CLAIM1139,17,5931.23,0,1
2025-04-28,CLAIM1140,10,3144.72,0,1
2025-04-29,CLAIM1141,19,3059.32,0,1
2025-04-29,CLAIM1142,27,2637.76,0,1
2025-04-29,CLAIM1143,10,4157.09,0,1
2025-04-29,CLAIM1144,22,4483.14,0,1
2025-04-29,CLAIM1145,16,1714.21,0,1
2025-04-29,CLAIM1146,16,1571.43,0,1
2025-04-29,CLAIM1147,12,2021.58,0,1
2025-04-29,CLAIM1148,10,1090.62,0,1
2025-04-29,CLAIM1149,12,3803.39,0,1
2025-04-29,CLAIM1150,25,1049.89,0,1
2025-04-29,CLAIM1151,10,3325.28,1,1
2025-04-29,CLAIM1152,18,3425.47,0,1
2025-04-29,CLAIM1153,18,3657.89,0,1
2025-04-29,CLAIM1154,28,5274.87,1,1
2025-04-29,CLAIM1155,12,1066.84,0,1
2025-04-29,CLAIM1156,17,1077.54,0,1
2025-04-29,CLAIM1157,11,1334.87,1,1
2025-04-29,CLAIM1158,21,1908.62,0,1
2025-04-29,CLAIM1159,24,1332.82,0,1
